Taxon id;Global sorteringsordning;Vetenskapligt namn;Svenskt namn;Kategori;Observationer;Landskapstyp;RedListCategory;Rödlistningskriterium
224360;97218;Huperzia arctica;gul groddlummer;Art;1780;Fjäll (F) - Stor betydelse, Skog (S) - Stor betydelse, Våtmark (V) - Har betydelse;NE;
224361;97219;Huperzia europaea;äkta lopplummer;Art;3397;Skog (S) - Stor betydelse, Fjäll (F) - Har betydelse, Våtmark (V) - Har betydelse;NE;
221944;97221;Huperzia selago agg.;lopplummer (aggregat);Kollektivtaxon;18488;Fjäll (F) - Stor betydelse, Skog (S) - Stor betydelse, Våtmark (V) - Har betydelse;LC;
1895;97224;Lycopodiella inundata;strandlummer;Art;5082;Våtmark (V) - Stor betydelse, Sötvatten (L) - Har betydelse, Urban miljö (U) - Har betydelse;NT;A2b
222424;97226;Lycopodium alpinum;fjällummer;Art;3009;Fjäll (F) - Stor betydelse;LC;
221945;97227;Lycopodium annotinum;revlummer;Art;57949;Fjäll (F) - Stor betydelse, Skog (S) - Stor betydelse;LC;
224362;97228;Lycopodium annotinum subsp. alpestre;nordlummer;Underart;1703;Fjäll (F) - Stor betydelse, Skog (S) - Stor betydelse;NE;
224363;97229;Lycopodium annotinum subsp. annotinum;vanlig revlummer;Underart;8553;Skog (S) - Stor betydelse;LC;
221946;97230;Lycopodium clavatum;mattlummer;Art;20546;Fjäll (F) - Stor betydelse, Skog (S) - Stor betydelse, Urban miljö (U) - Har betydelse;LC;
224364;97231;Lycopodium clavatum subsp. clavatum;vanlig mattlummer;Underart;3691;Skog (S) - Stor betydelse, Urban miljö (U) - Har betydelse;LC;
224365;97232;Lycopodium clavatum subsp. monostachyon;riplummer;Underart;1751;Fjäll (F) - Stor betydelse, Skog (S) - Stor betydelse, Urban miljö (U) - Har betydelse;LC;
221941;97233;Lycopodium complanatum;plattlummer;Art;14484;Skog (S) - Stor betydelse;LC;
224358;97234;Lycopodium complanatum subsp. complanatum;vanlig plattlummer;Underart;3822;Skog (S) - Stor betydelse;NE;
224359;97235;Lycopodium complanatum subsp. montellii;finnlummer;Underart;460;Skog (S) - Stor betydelse, Fjäll (F) - Har betydelse, Jordbrukslandskap (J) - Har betydelse, Urban miljö (U) - Har betydelse;LC;
552;97236;Lycopodium tristachyum;cypresslummer;Art;1199;Jordbrukslandskap (J) - Stor betydelse, Skog (S) - Stor betydelse;VU;"A2abc; B2ab(i,ii,iii,v)"
221940;97237;Lycopodium zeilleri;mellanlummer;Art;1210;Skog (S) - Stor betydelse, Jordbrukslandskap (J) - Har betydelse;VU;A2bc
6010515;97238;Lycopodium alpinum × complanatum;fjällummer × plattlummer;Hybrid;11;Fjäll (F) - Stor betydelse, Skog (S) - Stor betydelse;NA;
220532;97246;Isoëtes echinospora;vekt braxengräs;Art;4294;Sötvatten (L) - Stor betydelse, Brackvatten (B) - Har betydelse;LC;
221590;97250;Isoëtes lacustris;styvt braxengräs;Art;7105;Sötvatten (L) - Stor betydelse, Brackvatten (B) - Har betydelse;LC;
223414;97258;Selaginella selaginoides;dvärglummer;Art;12029;Fjäll (F) - Stor betydelse, Våtmark (V) - Stor betydelse, Urban miljö (U) - Har betydelse;LC;
221059;97268;Equisetum fluviatile;sjöfräken;Art;49093;Sötvatten (L) - Stor betydelse, Våtmark (V) - Har betydelse;LC;
221063;97273;Equisetum scirpoides;trådfräken;Art;2222;Fjäll (F) - Stor betydelse, Skog (S) - Stor betydelse, Våtmark (V) - Stor betydelse;LC;
621;97276;Equisetum telmateia;jättefräken;Art;359;Jordbrukslandskap (J) - Stor betydelse, Våtmark (V) - Har betydelse;CR;D
164;97292;Botrychium boreale;nordlåsbräken;Art;1933;Fjäll (F) - Stor betydelse, Jordbrukslandskap (J) - Stor betydelse, Havsstrand (H) - Har betydelse;NT;C2a(i)
222112;97293;Botrychium lunaria;månlåsbräken;Art;16807;Jordbrukslandskap (J) - Stor betydelse, Fjäll (F) - Har betydelse, Urban miljö (U) - Har betydelse;NT;A2bc+4abc
165;97296;Botrychium lanceolatum;topplåsbräken;Art;2585;Jordbrukslandskap (J) - Stor betydelse, Fjäll (F) - Har betydelse, Skog (S) - Har betydelse, Urban miljö (U) - Har betydelse;VU;C2a(i)
166;97297;Botrychium matricariifolium;rutlåsbräken;Art;1727;Jordbrukslandskap (J) - Stor betydelse, Skog (S) - Har betydelse, Urban miljö (U) - Har betydelse;VU;"A2b; B2b(ii,iii,iv,v)c(iv); C2a(i)"
167;97299;Botrychium multifidum;höstlåsbräken;Art;4530;Jordbrukslandskap (J) - Stor betydelse, Skog (S) - Har betydelse, Urban miljö (U) - Har betydelse;NT;A2bc+4abc
168;97301;Botrychium simplex;dvärglåsbräken;Art;0;Jordbrukslandskap (J) - Stor betydelse, Havsstrand (H) - Har betydelse, Urban miljö (U) - Har betydelse;EN;"B2ab(i,ii,iii,iv,v)c(iii,iv); C1"
264286;97302;Botrychium simplex var. simplex;;Varietet;0;Jordbrukslandskap (J) - Stor betydelse, Havsstrand (H) - Har betydelse, Urban miljö (U) - Har betydelse;;
264287;97303;Botrychium tenebrosum;pysslinglåsbräken;Art;0;Havsstrand (H) - Stor betydelse, Jordbrukslandskap (J) - Stor betydelse, Skog (S) - Har betydelse;EN;D
169;97305;Botrychium virginianum;stor låsbräken;Art;1596;Skog (S) - Stor betydelse;VU;C2a(i)
220261;97309;Ophioglossum vulgatum;ormtunga;Art;6738;Havsstrand (H) - Stor betydelse, Jordbrukslandskap (J) - Stor betydelse;LC;
222593;97314;Osmunda regalis;safsa;Art;2930;Skog (S) - Stor betydelse, Våtmark (V) - Stor betydelse;LC;
1241;97332;Pilularia globulifera;klotgräs;Art;2863;Sötvatten (L) - Stor betydelse, Jordbrukslandskap (J) - Har betydelse, Urban miljö (U) - Har betydelse, Våtmark (V) - Har betydelse;VU;A2b
221514;97361;Cryptogramma crispa;krusbräken;Art;432;Fjäll (F) - Stor betydelse, Jordbrukslandskap (J) - Har betydelse, Skog (S) - Har betydelse;LC;
222740;97372;Cystopteris fragilis;stenbräken;Art;16293;Fjäll (F) - Stor betydelse, Jordbrukslandskap (J) - Stor betydelse, Skog (S) - Stor betydelse, Urban miljö (U) - Har betydelse;LC;
222741;97376;Cystopteris montana;finbräken;Art;3049;Skog (S) - Stor betydelse, Fjäll (F) - Har betydelse, Våtmark (V) - Har betydelse;LC;
219815;97381;Gymnocarpium dryopteris;ekbräken;Art;45404;Skog (S) - Stor betydelse;LC;
744;97382;Gymnocarpium robertianum;kalkbräken;Art;1640;Skog (S) - Stor betydelse, Jordbrukslandskap (J) - Har betydelse, Urban miljö (U) - Har betydelse;NT;"A2b; B2b(iii,v)"
110;97388;Asplenium adiantum-nigrum;glansbräken;Art;712;Havsstrand (H) - Stor betydelse, Jordbrukslandskap (J) - Har betydelse, Skog (S) - Har betydelse;NT;D1
111;97389;Asplenium adulterinum;brunbräken;Art;1;Skog (S) - Stor betydelse;VU;D1
304;97390;Asplenium ceterach;mjältbräken;Art;1;Skog (S) - Stor betydelse, Jordbrukslandskap (J) - Har betydelse, Urban miljö (U) - Har betydelse;CR;D
222730;97392;Asplenium ruta-muraria;murruta;Art;4579;Jordbrukslandskap (J) - Stor betydelse, Skog (S) - Har betydelse, Urban miljö (U) - Har betydelse;LC;
1228;97393;Asplenium scolopendrium;hjorttunga;Art;10;Havsstrand (H) - Har betydelse, Jordbrukslandskap (J) - Har betydelse, Urban miljö (U) - Har betydelse;EN;D
222732;97394;Asplenium septentrionale;gaffelbräken;Art;12014;Jordbrukslandskap (J) - Stor betydelse, Skog (S) - Stor betydelse, Urban miljö (U) - Har betydelse;LC;
222733;97395;Asplenium trichomanes;svartbräken;Art;16375;Jordbrukslandskap (J) - Stor betydelse, Skog (S) - Stor betydelse, Urban miljö (U) - Har betydelse;LC;
224868;97396;Asplenium trichomanes subsp. quadrivalens;kalksvartbräken;Underart;2121;Jordbrukslandskap (J) - Stor betydelse, Skog (S) - Stor betydelse, Urban miljö (U) - Har betydelse;NE;
222734;97399;Asplenium viride;grönbräken;Art;1519;Fjäll (F) - Stor betydelse, Skog (S) - Stor betydelse, Jordbrukslandskap (J) - Har betydelse;LC;
223358;97411;Phegopteris connectilis;hultbräken;Art;36054;Skog (S) - Stor betydelse;LC;
222762;97414;Thelypteris palustris;kärrbräken;Art;7240;Skog (S) - Stor betydelse, Våtmark (V) - Stor betydelse;LC;
222764;97418;Woodsia glabella;dvärghällebräken;Art;281;Fjäll (F) - Stor betydelse;LC;
222765;97419;Woodsia ilvensis;hällebräken;Art;8622;Fjäll (F) - Stor betydelse, Jordbrukslandskap (J) - Stor betydelse;LC;
220250;97425;Matteuccia struthiopteris;strutbräken;Art;14791;Skog (S) - Stor betydelse;LC;
220686;97433;Blechnum spicant;kambräken;Art;5782;Skog (S) - Stor betydelse;LC;
222736;97439;Athyrium filix-femina;majbräken;Art;42467;Skog (S) - Stor betydelse, Jordbrukslandskap (J) - Har betydelse;LC;
118;97441;Diplazium sibiricum;ryssbräken;Art;145;Skog (S) - Stor betydelse;VU;D2
1268;97471;Polystichum aculeatum;uddbräken;Art;640;Skog (S) - Stor betydelse;VU;D1
1269;97472;Polystichum braunii;skuggbräken;Art;0;Skog (S) - Stor betydelse;CR;D
220007;97780;Calla palustris;missne;Art;18977;Skog (S) - Stor betydelse, Sötvatten (L) - Stor betydelse, Våtmark (V) - Stor betydelse;LC;
219572;97835;Lemna trisulca;korsandmat;Art;7370;Sötvatten (L) - Stor betydelse, Brackvatten (B) - Har betydelse;LC;
219609;97854;Spirodela polyrhiza;stor andmat;Art;4076;Sötvatten (L) - Stor betydelse;LC;
221930;97876;Tofieldia calyculata;kärrlilja;Art;1949;Våtmark (V) - Stor betydelse;LC;
221931;97877;Tofieldia pusilla;björnbrodd;Art;9047;Fjäll (F) - Stor betydelse, Våtmark (V) - Stor betydelse;LC;
30;97884;Alisma wahlenbergii;småsvalting;Art;1560;Sötvatten (L) - Stor betydelse, Brackvatten (B) - Har betydelse;NT;B2a
140;97904;Baldellia repens;revsvalting;Art;644;Sötvatten (L) - Stor betydelse, Jordbrukslandskap (J) - Har betydelse, Våtmark (V) - Har betydelse;VU;D2
1001;97917;Luronium natans;flytsvalting;Art;398;Sötvatten (L) - Stor betydelse;EN;B1ab(iii,iv)+2ab(iii,iv)
219647;97937;Butomus umbellatus;blomvass;Art;6658;Sötvatten (L) - Stor betydelse, Våtmark (V) - Har betydelse;LC;
220991;97957;Hydrocharis morsus-ranae;dyblad;Art;7336;Sötvatten (L) - Stor betydelse;LC;
1077;97964;Najas flexilis;sjönajas;Art;531;Sötvatten (L) - Stor betydelse;VU;B2ab(iii,iv,v)
219579;97969;Najas marina;havsnajas;Art;13980;Brackvatten (B) - Stor betydelse, Sötvatten (L) - Har betydelse;LC;
219611;97979;Stratiotes aloides;vattenaloe;Art;2926;Sötvatten (L) - Stor betydelse;LC;
219607;97989;Scheuchzeria palustris;kallgräs;Art;13065;Våtmark (V) - Stor betydelse;LC;
219612;98010;Triglochin maritima;havssälting;Art;9280;Havsstrand (H) - Stor betydelse;LC;
219613;98011;Triglochin palustris;kärrsälting;Art;14487;Havsstrand (H) - Stor betydelse, Våtmark (V) - Stor betydelse;LC;
219616;98016;Zostera marina;ålgräs;Art;17705;Brackvatten (B) - Stor betydelse, Marin miljö (M) - Stor betydelse;VU;A2b
1683;98017;Zostera noltii;dvärgålgräs;Art;539;Marin miljö (M) - Stor betydelse;VU;"A2b; B2ab(ii,iii,v)"
1281;98022;Potamogeton acutifolius;spetsnate;Art;1008;Sötvatten (L) - Stor betydelse, Jordbrukslandskap (J) - Har betydelse;VU;"A2ab; B2ab(ii,iii,v)"
1903;98036;Potamogeton compressus;bandnate;Art;2282;Sötvatten (L) - Stor betydelse;VU;A2b+4ab
1904;98052;Potamogeton friesii;uddnate;Art;1927;Sötvatten (L) - Stor betydelse;NT;"A2b; B2ab(ii,iii,v)"
219591;98065;Potamogeton lucens;grovnate;Art;4177;Sötvatten (L) - Stor betydelse;LC;
219593;98074;Potamogeton obtusifolius;trubbnate;Art;4706;Sötvatten (L) - Stor betydelse;LC;
219595;98080;Potamogeton perfoliatus;ålnate;Art;37897;Brackvatten (B) - Stor betydelse, Sötvatten (L) - Stor betydelse;LC;
219598;98086;Potamogeton pusillus;spädnate;Art;3864;Brackvatten (B) - Stor betydelse, Sötvatten (L) - Stor betydelse;LC;
1283;98091;Potamogeton rutilus;styvnate;Art;759;Sötvatten (L) - Stor betydelse;VU;B2ab(ii,iii,v)
1284;98107;Potamogeton trichoides;knölnate;Art;363;Sötvatten (L) - Stor betydelse, Urban miljö (U) - Stor betydelse, Jordbrukslandskap (J) - Har betydelse;VU;"B1ab(ii,iii,v)+2ab(ii,iii,v); D2"
219588;98122;Stuckenia filiformis;trådnate;Art;5316;Brackvatten (B) - Stor betydelse, Sötvatten (L) - Stor betydelse;LC;
219594;98123;Stuckenia pectinata;borstnate;Art;53303;Brackvatten (B) - Stor betydelse, Sötvatten (L) - Stor betydelse;LC;
1905;98124;Stuckenia vaginata;slidnate;Art;658;Brackvatten (B) - Stor betydelse, Sötvatten (L) - Har betydelse;NT;B2ab(iii,v)
223535;98131;Zannichellia major;storsärv;Art;845;Brackvatten (B) - Stor betydelse, Marin miljö (M) - Stor betydelse;LC;
219614;98132;Zannichellia palustris;hårsärv;Art;21513;Brackvatten (B) - Stor betydelse, Marin miljö (M) - Stor betydelse, Sötvatten (L) - Stor betydelse;LC;
219604;98138;Ruppia maritima;hårnating;Art;3511;Brackvatten (B) - Stor betydelse, Marin miljö (M) - Stor betydelse;LC;
219603;98141;Ruppia spiralis;skruvnating;Art;4030;Brackvatten (B) - Stor betydelse, Marin miljö (M) - Stor betydelse;LC;
222592;98151;Narthecium ossifragum;myrlilja;Art;6908;Våtmark (V) - Stor betydelse, Jordbrukslandskap (J) - Har betydelse;LC;
223049;98158;Paris quadrifolia;ormbär;Art;47400;Skog (S) - Stor betydelse;LC;
221918;98200;Gagea spathacea;lundvårlök;Art;2438;Skog (S) - Stor betydelse;LC;
668;98201;Gagea villosa;luddvårlök;Art;1820;Urban miljö (U) - Stor betydelse, Jordbrukslandskap (J) - Har betydelse;NT;B2a
221501;98234;Anacamptis morio;göknycklar;Art;2529;Jordbrukslandskap (J) - Stor betydelse;LC;
1718;98235;Anacamptis palustris;kärrnycklar;Art;9;Jordbrukslandskap (J) - Stor betydelse, Våtmark (V) - Stor betydelse;VU;C1
49;98236;Anacamptis pyramidalis;salepsrot;Art;3109;Jordbrukslandskap (J) - Stor betydelse;LC;
233;98238;Calypso bulbosa;norna;Art;5505;Skog (S) - Stor betydelse;VU;A2b
289;98240;Cephalanthera damasonium;stor skogslilja;Art;6;Jordbrukslandskap (J) - Stor betydelse, Skog (S) - Stor betydelse;VU;"B1ab(iii,iv,v)+2ab(iii,iv,v); C2a(i)"
219769;98241;Cephalanthera longifolia;vit skogslilja;Art;3837;Skog (S) - Stor betydelse, Jordbrukslandskap (J) - Har betydelse;LC;
290;98242;Cephalanthera rubra;röd skogslilja;Art;4606;Skog (S) - Stor betydelse;NT;B2ab(ii,iii)
264305;98243;Cephalanthera damasonium × longifolia;stor skogslilja × vit skogslilja;Hybrid;0;Jordbrukslandskap (J) - Stor betydelse, Skog (S) - Stor betydelse;NA;
223571;98244;Cephalanthera longifolia × rubra;hybridskogslilja;Hybrid;0;Jordbrukslandskap (J) - Stor betydelse, Skog (S) - Stor betydelse;NA;
220073;98246;Chamorchis alpina;dvärgyxne;Art;1002;Fjäll (F) - Stor betydelse;LC;
219795;98248;Coeloglossum viride;grönkulla;Art;7921;Fjäll (F) - Stor betydelse, Jordbrukslandskap (J) - Stor betydelse, Skog (S) - Stor betydelse;LC;
6007432;98249;Coeloglossum viride subsp. islandicum;islandsgrönkulla;Underart;0;;NA;
6007431;98250;Coeloglossum viride subsp. viride;vanlig grönkulla;Underart;0;Fjäll (F) - Stor betydelse, Jordbrukslandskap (J) - Stor betydelse, Skog (S) - Har betydelse;NE;
220093;98253;Corallorhiza trifida;korallrot;Art;15655;Skog (S) - Stor betydelse, Våtmark (V) - Stor betydelse, Fjäll (F) - Har betydelse;LC;
504;98255;Cypripedium calceolus;guckusko;Art;15477;Skog (S) - Stor betydelse, Jordbrukslandskap (J) - Har betydelse, Våtmark (V) - Har betydelse;LC;
219788;98257;Dactylorhiza incarnata;ängsnycklar;Art;29763;Jordbrukslandskap (J) - Stor betydelse, Våtmark (V) - Stor betydelse, Havsstrand (H) - Har betydelse;LC;
264307;98258;Dactylorhiza incarnata subsp. incarnata;;Underart;14529;Jordbrukslandskap (J) - Stor betydelse, Våtmark (V) - Stor betydelse, Havsstrand (H) - Har betydelse;NE;
223572;98259;Dactylorhiza incarnata var. cruenta;blodnycklar;Varietet;3878;Våtmark (V) - Stor betydelse, Havsstrand (H) - Har betydelse;NE;
223578;98260;Dactylorhiza incarnata var. incarnata;äkta ängsnycklar;Varietet;7719;Våtmark (V) - Stor betydelse, Havsstrand (H) - Har betydelse, Jordbrukslandskap (J) - Har betydelse;NE;
223585;98261;Dactylorhiza incarnata var. ochroleuca;vaxnycklar;Varietet;2167;Våtmark (V) - Stor betydelse;NE;
264306;98262;Dactylorhiza incarnata subsp. lobelii;knubbnycklar;Underart;0;;NA;
233633;98265;Dactylorhiza incarnata agg.;ängsnycklar (aggregat);Artkomplex;37411;;NA;
219790;98266;Dactylorhiza maculata;fläcknycklar;Art;68076;Jordbrukslandskap (J) - Stor betydelse, Våtmark (V) - Stor betydelse, Skog (S) - Har betydelse;LC;
223591;98267;Dactylorhiza maculata subsp. fuchsii;skogsnycklar;Underart;11068;Jordbrukslandskap (J) - Stor betydelse, Skog (S) - Stor betydelse, Våtmark (V) - Stor betydelse;LC;
223597;98269;Dactylorhiza maculata subsp. maculata;Jungfru Marie nycklar;Underart;28251;Jordbrukslandskap (J) - Stor betydelse, Skog (S) - Stor betydelse, Våtmark (V) - Stor betydelse;LC;
264308;98273;Dactylorhiza majalis;dubbelnycklar;Art;7700;Jordbrukslandskap (J) - Stor betydelse, Våtmark (V) - Stor betydelse, Havsstrand (H) - Har betydelse, Urban miljö (U) - Har betydelse;LC;
222411;98274;Dactylorhiza majalis subsp. baltica;baltnycklar;Underart;284;Jordbrukslandskap (J) - Stor betydelse, Urban miljö (U) - Stor betydelse, Havsstrand (H) - Har betydelse, Våtmark (V) - Har betydelse;EN;D
264958;98275;Dactylorhiza majalis subsp. calcifugiens;thynycklar;Underart;0;;NA;
6002893;98276;Dactylorhiza majalis subsp. elatior;gotlandsnycklar;Underart;0;Jordbrukslandskap (J) - Stor betydelse, Våtmark (V) - Stor betydelse;EN;"C2a(i); D"
264959;98277;Dactylorhiza majalis subsp. integrata;englandsnycklar;Underart;89;Jordbrukslandskap (J) - Stor betydelse, Urban miljö (U) - Stor betydelse, Våtmark (V) - Har betydelse;VU;D2
264961;98278;Dactylorhiza majalis var. integrata;äkta englandsnycklar;Varietet;0;Jordbrukslandskap (J) - Stor betydelse, Urban miljö (U) - Stor betydelse, Våtmark (V) - Stor betydelse;NE;
264962;98279;Dactylorhiza majalis var. junialis;leopardnycklar;Varietet;0;Jordbrukslandskap (J) - Stor betydelse, Urban miljö (U) - Stor betydelse, Våtmark (V) - Stor betydelse;NE;
219794;98280;Dactylorhiza majalis subsp. lapponica;sumpnycklar;Underart;4420;Jordbrukslandskap (J) - Stor betydelse, Våtmark (V) - Stor betydelse;LC;
219789;98282;Dactylorhiza majalis subsp. lapponica;lappnycklar;Underart;0;Jordbrukslandskap (J) - Stor betydelse, Våtmark (V) - Har betydelse;;
514;98283;Dactylorhiza majalis subsp. majalis;majnycklar;Underart;1612;Jordbrukslandskap (J) - Stor betydelse, Våtmark (V) - Har betydelse;NT;A2b
264960;98284;Dactylorhiza majalis subsp. purpurella;strandnycklar;Underart;2;;NA;
264963;98285;Dactylorhiza majalis var. cambrensis;fläckiga strandnycklar;Varietet;0;;NA;
264964;98286;Dactylorhiza majalis var. pulchella;äkta strandnycklar;Varietet;0;;NA;
219793;98287;Dactylorhiza majalis subsp. sphagnicola;mossnycklar;Underart;1228;Våtmark (V) - Stor betydelse;LC;
6008881;98288;Dactylorhiza majalis subsp. majalis × subsp. integrata var. integrata;majnycklar × äkta englandsnycklar;Hybrid;0;;NA;
6008882;98289;Dactylorhiza majalis subsp. majalis × subsp. purpurella var. pulchella;majnycklar × äkta strandnycklar;Hybrid;0;;NA;
219792;98290;Dactylorhiza sambucina;Adam och Eva;Art;7439;Jordbrukslandskap (J) - Stor betydelse;LC;
6034774;98291;Dactylorhiza incarnata × maculata;ängsnycklar × fläcknycklar;Hybrid;30;;NA;
6010640;98292;Dactylorhiza incarnata × maculata subsp. fuchsii;ängsnycklar × skogsnycklar;Hybrid;55;Jordbrukslandskap (J) - Stor betydelse, Våtmark (V) - Stor betydelse;NA;
6034775;98293;Dactylorhiza incarnata × maculata subsp. maculata;ängsnycklar × Jungfru Marie nycklar;Hybrid;14;;NA;
6010641;98294;Dactylorhiza incarnata × majalis subsp. lapponica;ängsnycklar × sumpnycklar;Hybrid;5;Våtmark (V) - Stor betydelse;NA;
6010519;98295;Dactylorhiza incarnata × sambucina;ängsnycklar × Adam och Eva;Hybrid;5;Jordbrukslandskap (J) - Stor betydelse, Våtmark (V) - Stor betydelse;NA;
6010639;98296;Dactylorhiza incarnata var. cruenta × maculata;blodnycklar × fläcknycklar;Hybrid;4;Våtmark (V) - Stor betydelse;NA;
223575;98297;Dactylorhiza incarnata var. cruenta × maculata subsp. fuchsii;blodnycklar × skogsnycklar;Hybrid;24;Våtmark (V) - Stor betydelse;NA;
223576;98298;Dactylorhiza incarnata var. cruenta × maculata subsp. maculata;blodnycklar × Jungfru Marie nycklar;Hybrid;5;Våtmark (V) - Stor betydelse;NA;
223574;98299;Dactylorhiza incarnata var. cruenta × majalis subsp. lapponica;blodnycklar × sumpnycklar;Hybrid;5;Våtmark (V) - Stor betydelse;NA;
259705;98300;Dactylorhiza incarnata var. incarnata × maculata;äkta ängsnycklar × fläcknycklar;Hybrid;76;;NA;
223581;98301;Dactylorhiza incarnata var. incarnata × maculata subsp. fuchsii;hybridnycklar;Hybrid;141;Våtmark (V) - Stor betydelse;NA;
223582;98302;Dactylorhiza incarnata var. incarnata × maculata subsp. maculata;äkta ängsnycklar × Jungfru Marie nycklar;Hybrid;39;Våtmark (V) - Stor betydelse;NA;
264965;98303;Dactylorhiza incarnata var. incarnata × majalis subsp. integrata;äkta ängsnycklar × englandsnycklar;Hybrid;0;;NA;
223580;98304;Dactylorhiza incarnata var. incarnata × majalis subsp. lapponica;äkta ängsnycklar × sumpnycklar;Hybrid;94;Våtmark (V) - Stor betydelse;NA;
223583;98305;Dactylorhiza incarnata var. incarnata × majalis subsp. majalis;äkta ängsnycklar × majnycklar;Hybrid;55;Våtmark (V) - Stor betydelse;NA;
6010518;98306;Dactylorhiza incarnata var. incarnata × majalis subsp. sphagnicola;äkta ängsnycklar × mossnycklar;Hybrid;1;Våtmark (V) - Stor betydelse;NA;
264966;98307;Dactylorhiza incarnata var. incarnata × majalis var. cambrensis;äkta ängsnycklar × fläckiga strandnycklar;Hybrid;0;;NA;
264967;98308;Dactylorhiza incarnata var. incarnata × majalis var. pulchella;äkta ängsnycklar × äkta strandnycklar;Hybrid;0;;NA;
223586;98309;Dactylorhiza incarnata var. ochroleuca × majalis subsp. majalis;vaxnycklar × majnycklar;Hybrid;0;Våtmark (V) - Stor betydelse;NA;
6010643;98310;Dactylorhiza maculata × majalis subsp. lapponica;fläcknycklar × sumpnycklar;Hybrid;7;Våtmark (V) - Stor betydelse;NA;
6010520;98312;Dactylorhiza maculata subsp. fuchsii × majalis subsp. elatior;skogsnycklar × gotlandsnycklar;Hybrid;0;Våtmark (V) - Stor betydelse;NA;
223588;98313;Dactylorhiza maculata subsp. fuchsii × majalis subsp. lapponica;skogsnycklar × sumpnycklar;Hybrid;34;Våtmark (V) - Stor betydelse;NA;
223594;98314;Dactylorhiza maculata subsp. fuchsii × majalis subsp. majalis;skogsnycklar × majnycklar;Hybrid;9;Våtmark (V) - Stor betydelse;NA;
264968;98315;Dactylorhiza maculata subsp. fuchsii × majalis subsp. sphagnicola;skogsnycklar × mossnycklar;Hybrid;0;;NA;
223604;98316;Dactylorhiza maculata subsp. fuchsii × sambucina;skogsnycklar × Adam och Eva;Hybrid;4;Jordbrukslandskap (J) - Stor betydelse, Våtmark (V) - Stor betydelse;NA;
264969;98317;Dactylorhiza maculata subsp. maculata × majalis subsp. calcifugiens;Jungfru Marie nycklar × thynycklar;Hybrid;0;;NA;
223589;98318;Dactylorhiza maculata subsp. maculata × majalis subsp. lapponica;Jungfru Marie nycklar × sumpnycklar;Hybrid;22;Våtmark (V) - Stor betydelse;NA;
223599;98319;Dactylorhiza maculata subsp. maculata × majalis subsp. majalis;Jungfru Marie nycklar × majnycklar;Hybrid;16;Våtmark (V) - Stor betydelse;NA;
223600;98320;Dactylorhiza maculata subsp. maculata × majalis subsp. sphagnicola;Jungfru Marie nycklar × mossnycklar;Hybrid;40;Våtmark (V) - Stor betydelse;NA;
264970;98321;Dactylorhiza maculata subsp. maculata × majalis var. cambrensis;Jungfru Marie nycklar × fläckiga strandnycklar;Hybrid;0;;NA;
264971;98322;Dactylorhiza maculata subsp. maculata × majalis var. pulchella;Jungfru Marie nycklar × äkta strandnycklar;Hybrid;0;;NA;
219797;98324;Epipactis atrorubens;purpurknipprot;Art;7001;Skog (S) - Stor betydelse, Havsstrand (H) - Har betydelse;LC;
6040118;98325;Epipactis atrorubens subsp. atrorubens;äkta purpurknipprot;Underart;116;Skog (S) - Stor betydelse, Havsstrand (H) - Har betydelse;NE;
6040119;98326;Epipactis atrorubens subsp. triploidea;östersjöknipprot;Underart;28;Skog (S) - Stor betydelse, Havsstrand (H) - Har betydelse;NE;
219798;98327;Epipactis helleborine;skogsknipprot;Art;14966;Skog (S) - Stor betydelse, Havsstrand (H) - Har betydelse;LC;
223609;98328;Epipactis helleborine subsp. helleborine;vanlig skogsknipprot;Underart;643;Skog (S) - Stor betydelse;NE;
264974;98329;Epipactis helleborine subsp. neerlandica;;Underart;0;;NA;
264975;98330;Epipactis helleborine var. neerlandica;dynknipprot;Varietet;0;;NA;
264976;98331;Epipactis helleborine var. renzii;skagenknipprot;Varietet;0;;NA;
6031492;98332;Epipactis helleborine subsp. orbicularis;tallknipprot;Underart;286;Havsstrand (H) - Stor betydelse, Skog (S) - Stor betydelse;NE;
264972;98333;Epipactis leptochila;grön knipprot;Art;0;;NA;
219799;98334;Epipactis palustris;kärrknipprot;Art;17597;Våtmark (V) - Stor betydelse, Jordbrukslandskap (J) - Har betydelse;LC;
619;98335;Epipactis phyllanthes;kal knipprot;Art;3;Skog (S) - Stor betydelse, Havsstrand (H) - Har betydelse;EN;C1+2a(i)
6031493;98336;Epipactis phyllanthes subsp. arenaria;sandknipprot;Underart;0;Havsstrand (H) - Stor betydelse, Skog (S) - Stor betydelse;NE;
6031495;98337;Epipactis phyllanthes subsp. confusa;dansk knipprot;Underart;0;Skog (S) - Stor betydelse;NE;
6031494;98338;Epipactis phyllanthes subsp. pendula;engelsk knipprot;Underart;0;Skog (S) - Stor betydelse;NE;
264973;98339;Epipactis purpurata;mångblommig knipprot;Art;0;;NA;
264309;98340;Epipactis atrorubens × helleborine;purpurknipprot × skogsknipprot;Hybrid;12;Skog (S) - Stor betydelse;NA;
223607;98341;Epipactis atrorubens × palustris;purpurknipprot × kärrknipprot;Hybrid;1;Våtmark (V) - Stor betydelse;NA;
223608;98342;Epipactis atrorubens × phyllanthes;purpurknipprot × kal knipprot;Hybrid;0;Skog (S) - Stor betydelse;NA;
264310;98343;Epipactis helleborine × phyllanthes;skogsknipprot × kal knipprot;Hybrid;0;Skog (S) - Stor betydelse;NA;
264977;98344;Epipactis helleborine × purpurata;skogsknipprot × mångblommig knipprot;Hybrid;0;;NA;
264978;98345;Epipactis leptochila × phyllanthes;grön knipprot × kal knipprot;Hybrid;0;;NA;
620;98347;Epipogium aphyllum;skogsfru;Art;1940;Skog (S) - Stor betydelse;NT;"A2b; C2a(i)"
220787;98349;Goodyera repens;knärot;Art;95563;Skog (S) - Stor betydelse;VU;A2bc+4abc
219811;98351;Gymnadenia conopsea;brudsporre;Art;21145;Fjäll (F) - Stor betydelse, Jordbrukslandskap (J) - Stor betydelse, Våtmark (V) - Stor betydelse;LC;
223614;98352;Gymnadenia conopsea subsp. conopsea;vanlig brudsporre;Underart;3310;Fjäll (F) - Stor betydelse, Jordbrukslandskap (J) - Stor betydelse, Våtmark (V) - Stor betydelse;NE;
741;98353;Gymnadenia conopsea subsp. densiflora;praktsporre;Underart;1268;Jordbrukslandskap (J) - Stor betydelse, Våtmark (V) - Stor betydelse, Skog (S) - Har betydelse;NE;
1085;98354;Gymnadenia nigra;brunkulla;Art;0;Jordbrukslandskap (J) - Stor betydelse, Våtmark (V) - Har betydelse;EN;A2ab
742;98355;Gymnadenia odoratissima;luktsporre;Art;2023;Jordbrukslandskap (J) - Stor betydelse, Våtmark (V) - Stor betydelse;NT;"B2ab(iii,v); C2a(i)"
743;98356;Gymnadenia runei;brudkulla;Art;0;Fjäll (F) - Stor betydelse;NT;D2
223610;98357;Gymnadenia conopsea × odoratissima;brudsporre × luktsporre;Hybrid;5;Våtmark (V) - Stor betydelse;NA;
222495;98359;Hammarbya paludosa;myggblomster;Art;4720;Våtmark (V) - Stor betydelse;LC;
770;98361;Herminium monorchis;honungsblomster;Art;6788;Jordbrukslandskap (J) - Stor betydelse, Våtmark (V) - Stor betydelse;VU;A2b
980;98363;Liparis loeselii;gulyxne;Art;9175;Våtmark (V) - Stor betydelse, Jordbrukslandskap (J) - Har betydelse;VU;A3c
1056;98366;Malaxis monophyllos;knottblomster;Art;1881;Våtmark (V) - Stor betydelse, Skog (S) - Har betydelse;VU;"B2ab(i,ii,iii,v); C2a(i)"
221119;98368;Neotinea ustulata;krutbrännare;Art;4124;Jordbrukslandskap (J) - Stor betydelse;LC;
221952;98370;Neottia cordata;spindelblomster;Art;21224;Skog (S) - Stor betydelse;LC;
219862;98371;Neottia nidus-avis;nästrot;Art;9706;Skog (S) - Stor betydelse;LC;
219847;98372;Neottia ovata;tvåblad;Art;22985;Skog (S) - Stor betydelse, Jordbrukslandskap (J) - Har betydelse;LC;
264979;98374;Ophrys apifera;biblomster;Art;1;Jordbrukslandskap (J) - Stor betydelse, Urban miljö (U) - Har betydelse;NA;
222118;98375;Ophrys insectifera;flugblomster;Art;6421;Våtmark (V) - Stor betydelse, Jordbrukslandskap (J) - Har betydelse;LC;
219864;98377;Orchis mascula;Sankt Pers nycklar;Art;11825;Jordbrukslandskap (J) - Stor betydelse;LC;
219865;98378;Orchis militaris;johannesnycklar;Art;4400;Jordbrukslandskap (J) - Stor betydelse;LC;
264980;98379;Orchis purpurea;stornycklar;Art;0;;NA;
1122;98380;Orchis spitzelii;alpnycklar;Art;7;Skog (S) - Stor betydelse, Jordbrukslandskap (J) - Har betydelse;VU;C1
223618;98381;Orchis mascula × spitzelii;Sankt Pers nycklar × alpnycklar;Hybrid;0;Jordbrukslandskap (J) - Stor betydelse;NA;
219874;98383;Platanthera bifolia;nattviol;Art;32531;Jordbrukslandskap (J) - Stor betydelse, Skog (S) - Stor betydelse;LC;
223619;98384;Platanthera bifolia subsp. bifolia;ängsnattviol;Underart;3775;Jordbrukslandskap (J) - Stor betydelse, Våtmark (V) - Har betydelse;NT;A2bc
223621;98385;Platanthera bifolia subsp. latiflora;skogsnattviol;Underart;2548;Skog (S) - Stor betydelse, Jordbrukslandskap (J) - Har betydelse, Våtmark (V) - Har betydelse;LC;
219875;98386;Platanthera chlorantha;grönvit nattviol;Art;21191;Jordbrukslandskap (J) - Stor betydelse, Skog (S) - Stor betydelse;LC;
6002735;98387;Platanthera clavellata;;Art;1;Urban miljö (U) - Stor betydelse;NA;
264982;98388;Platanthera hyperborea;grönlandsyxne;Art;0;;NA;
1248;98389;Platanthera obtusata;lappfela;Art;0;Fjäll (F) - Stor betydelse;EN;D
223622;98390;Platanthera obtusata subsp. oligantha;lappfela;Underart;0;Fjäll (F) - Stor betydelse;NE;
6010645;98391;Platanthera bifolia × chlorantha;nattviol × grönvit nattviol;Hybrid;85;Jordbrukslandskap (J) - Stor betydelse;NA;
223620;98392;Platanthera bifolia subsp. bifolia × chlorantha;ängsnattviol × grönvit nattviol;Hybrid;47;Jordbrukslandskap (J) - Stor betydelse;NA;
264981;98393;Platanthera bifolia subsp. latiflora × chlorantha;skogsnattviol × grönvit nattviol;Hybrid;6;;NA;
975;98395;Pseudorchis albida;vityxne;Art;5;Jordbrukslandskap (J) - Stor betydelse, Skog (S) - Har betydelse;EN;C2a(i)
219882;98396;Pseudorchis straminea;fjällyxne;Art;1406;Fjäll (F) - Stor betydelse;LC;
264983;98398;Spiranthes sinensis;;Art;0;;NA;
219894;98399;Spiranthes spiralis;skruvax;Art;119;Jordbrukslandskap (J) - Stor betydelse;NA;
223617;98400;Anacamptis morio × Orchis mascula;göknycklar × Sankt Pers nycklar;Hybrid;1;Jordbrukslandskap (J) - Stor betydelse;NA;
6010637;98401;Coeloglossum viride × Dactylorhiza maculata;grönkulla × fläcknycklar;Hybrid;3;Jordbrukslandskap (J) - Stor betydelse;NA;
223596;98402;Coeloglossum viride × Dactylorhiza maculata subsp. fuchsii;grönkulla × skogsnycklar;Hybrid;1;Jordbrukslandskap (J) - Stor betydelse;NA;
223602;98403;Coeloglossum viride × Dactylorhiza maculata subsp. maculata;grönkulla × Jungfru Marie nycklar;Hybrid;1;Jordbrukslandskap (J) - Stor betydelse;NA;
264957;98404;Coeloglossum viride × Dactylorhiza majalis subsp. lapponica;grönkulla × sumpnycklar;Hybrid;0;;NA;
223606;98405;Coeloglossum viride × Platanthera chlorantha;grönkulla × grönvit nattviol;Hybrid;1;Jordbrukslandskap (J) - Stor betydelse;NA;
223573;98406;Dactylorhiza incarnata var. cruenta × Gymnadenia conopsea;blodnycklar × brudsporre;Hybrid;2;Våtmark (V) - Stor betydelse;NA;
223579;98407;Dactylorhiza incarnata var. incarnata × Gymnadenia conopsea;äkta ängsnycklar × brudsporre;Hybrid;3;Våtmark (V) - Stor betydelse;NA;
6010638;98408;Dactylorhiza incarnata × Gymnadenia conopsea;ängsnycklar × brudsporre;Hybrid;4;Våtmark (V) - Stor betydelse;NA;
6010642;98409;Dactylorhiza maculata × Gymnadenia conopsea;fläcknycklar × brudsporre;Hybrid;10;Jordbrukslandskap (J) - Stor betydelse, Våtmark (V) - Stor betydelse;NA;
223592;98410;Dactylorhiza maculata subsp. fuchsii × Gymnadenia conopsea;skogsnycklar × brudsporre;Hybrid;3;Våtmark (V) - Stor betydelse;NA;
223593;98411;Dactylorhiza maculata subsp. fuchsii × Gymnadenia odoratissima;skogsnycklar × luktsporre;Hybrid;0;Våtmark (V) - Stor betydelse;NA;
223598;98412;Dactylorhiza maculata subsp. maculata × Gymnadenia conopsea;Jungfru Marie nycklar × brudsporre;Hybrid;7;Jordbrukslandskap (J) - Stor betydelse, Våtmark (V) - Stor betydelse;NA;
223587;98413;Dactylorhiza majalis subsp. lapponica × Gymnadenia conopsea;sumpnycklar × brudsporre;Hybrid;3;Våtmark (V) - Stor betydelse;NA;
223611;98414;Gymnadenia conopsea × Platanthera bifolia;brudsporre × nattviol;Hybrid;0;Jordbrukslandskap (J) - Stor betydelse;NA;
223612;98415;Gymnadenia conopsea × Pseudorchis albida;brudsporre × vityxne;Hybrid;5;Jordbrukslandskap (J) - Stor betydelse;NA;
223613;98416;Gymnadenia conopsea × Pseudorchis straminea;brudsporre × fjällyxne;Hybrid;2;Våtmark (V) - Stor betydelse;NA;
888;98468;Iris spuria;dansk iris;Art;402;Havsstrand (H) - Stor betydelse;VU;B1ab(ii,iii,v)+2ab(ii,iii,v)
31;98508;Allium carinatum;rosenlök;Art;727;Jordbrukslandskap (J) - Stor betydelse, Urban miljö (U) - Stor betydelse, Havsstrand (H) - Har betydelse;NT;B2a
32;98521;Allium lineare;klipplök;Art;1682;Jordbrukslandskap (J) - Stor betydelse;EN;B1ab(iii,v)
223563;98536;Allium schoenoprasum var. alvarense;alvargräslök;Varietet;1886;Jordbrukslandskap (J) - Stor betydelse;NE;
61;98604;Anthericum liliago;stor sandlilja;Art;2207;Jordbrukslandskap (J) - Stor betydelse, Skog (S) - Har betydelse;EN;B2ab(iii,v)
219763;98605;Anthericum ramosum;liten sandlilja;Art;3983;Jordbrukslandskap (J) - Stor betydelse;LC;
222812;98621;Convallaria majalis;liljekonvalj;Art;54589;Skog (S) - Stor betydelse, Jordbrukslandskap (J) - Har betydelse;LC;
222857;98653;Maianthemum bifolium;ekorrbär;Art;57627;Skog (S) - Stor betydelse;LC;
219878;98680;Polygonatum multiflorum;storrams;Art;13644;Skog (S) - Stor betydelse;LC;
219879;98681;Polygonatum odoratum;getrams;Art;19565;Jordbrukslandskap (J) - Stor betydelse, Skog (S) - Stor betydelse;LC;
219880;98682;Polygonatum verticillatum;kransrams;Art;8242;Skog (S) - Stor betydelse;LC;
892;98833;Juncus anceps;svarttåg;Art;178;Jordbrukslandskap (J) - Stor betydelse, Våtmark (V) - Stor betydelse;CR;B1ab(iv,v)
224779;98841;Juncus balticus;östersjötåg;Art;2821;Havsstrand (H) - Stor betydelse;LC;
893;98848;Juncus capitatus;huvudtåg;Art;927;Jordbrukslandskap (J) - Stor betydelse, Havsstrand (H) - Har betydelse, Urban miljö (U) - Har betydelse, Våtmark (V) - Har betydelse;EN;B2ab(ii,iii,iv,v)
222529;98849;Juncus castaneus;bruntåg;Art;613;Fjäll (F) - Stor betydelse, Våtmark (V) - Stor betydelse;LC;
222541;98869;Juncus squarrosus;borsttåg;Art;6488;Jordbrukslandskap (J) - Stor betydelse, Urban miljö (U) - Har betydelse, Våtmark (V) - Har betydelse;NT;A2b
222542;98870;Juncus stygius;dytåg;Art;3966;Våtmark (V) - Stor betydelse;LC;
222546;98874;Juncus triglumis;lapptåg;Art;1354;Fjäll (F) - Stor betydelse, Våtmark (V) - Stor betydelse;LC;
222569;98896;Luzula campestris;knippfryle;Art;26736;Jordbrukslandskap (J) - Stor betydelse;LC;
222573;98902;Luzula multiflora;ängsfryle;Art;43541;Fjäll (F) - Stor betydelse, Jordbrukslandskap (J) - Stor betydelse, Skog (S) - Har betydelse;LC;
1002;98907;Luzula nivalis;snöfryle;Art;279;Fjäll (F) - Stor betydelse;NT;B2a
222579;98914;Luzula sudetica;svartfryle;Art;5407;Fjäll (F) - Stor betydelse, Jordbrukslandskap (J) - Stor betydelse;LC;
1005;98916;Luzula sylvatica;storfryle;Art;600;Skog (S) - Stor betydelse, Urban miljö (U) - Stor betydelse;VU;D2
222581;98917;Luzula wahlenbergii;fjällfryle;Art;777;Fjäll (F) - Stor betydelse;LC;
222738;98928;Blysmus compressus;plattsäv;Art;4209;Jordbrukslandskap (J) - Stor betydelse, Våtmark (V) - Stor betydelse, Havsstrand (H) - Har betydelse;VU;A2bc
222237;98929;Blysmus rufus;rödsäv;Art;3004;Havsstrand (H) - Stor betydelse, Jordbrukslandskap (J) - Har betydelse, Våtmark (V) - Har betydelse;VU;A2bc
222277;98940;Carex appropinquata;tagelstarr;Art;4925;Våtmark (V) - Stor betydelse;LC;
256;98947;Carex atherodes;finnstarr;Art;105;Våtmark (V) - Stor betydelse, Skog (S) - Har betydelse;VU;D2
222283;98950;Carex atrofusca;svedstarr;Art;1467;Fjäll (F) - Stor betydelse, Våtmark (V) - Stor betydelse;LC;
258;98952;Carex bicolor;brokstarr;Art;625;Fjäll (F) - Stor betydelse;EN;B2ab(ii,iii,iv,v)
224589;98966;Carex buxbaumii subsp. buxbaumii;vanlig klubbstarr;Underart;1645;Våtmark (V) - Stor betydelse, Fjäll (F) - Har betydelse;LC;
224591;98967;Carex buxbaumii subsp. mutica;fjällklubbstarr;Underart;1299;Fjäll (F) - Stor betydelse, Våtmark (V) - Stor betydelse;LC;
222293;98971;Carex capillaris;hårstarr;Art;5493;Fjäll (F) - Stor betydelse, Våtmark (V) - Stor betydelse, Jordbrukslandskap (J) - Har betydelse;LC;
222294;98974;Carex capitata;huvudstarr;Art;1668;Fjäll (F) - Stor betydelse, Våtmark (V) - Stor betydelse;LC;
222295;98976;Carex caryophyllea;vårstarr;Art;13560;Jordbrukslandskap (J) - Stor betydelse;NT;A2b
222297;98979;Carex chordorrhiza;strängstarr;Art;15710;Våtmark (V) - Stor betydelse;LC;
222299;98987;Carex diandra;trindstarr;Art;7513;Våtmark (V) - Stor betydelse;LC;
222301;98991;Carex dioica;nålstarr;Art;17313;Våtmark (V) - Stor betydelse, Jordbrukslandskap (J) - Har betydelse;LC;
222302;98993;Carex disperma;spädstarr;Art;3323;Skog (S) - Stor betydelse, Våtmark (V) - Stor betydelse;LC;
222306;98998;Carex echinata;stjärnstarr;Art;30392;Fjäll (F) - Stor betydelse, Jordbrukslandskap (J) - Stor betydelse, Våtmark (V) - Stor betydelse;LC;
222308;99002;Carex elongata;rankstarr;Art;13243;Skog (S) - Stor betydelse, Våtmark (V) - Stor betydelse;LC;
222311;99007;Carex flacca;slankstarr;Art;14374;Jordbrukslandskap (J) - Stor betydelse, Våtmark (V) - Stor betydelse;LC;
222312;99008;Carex flava;knagglestarr;Art;22915;Våtmark (V) - Stor betydelse, Skog (S) - Har betydelse;LC;
222316;99016;Carex globularis;klotstarr;Art;14977;Skog (S) - Stor betydelse, Våtmark (V) - Stor betydelse;LC;
259;99020;Carex hartmaniorum;hartmansstarr;Art;3991;Jordbrukslandskap (J) - Stor betydelse, Våtmark (V) - Har betydelse;VU;B2ab(iii,v)
260;99021;Carex heleonastes;myrstarr;Art;1555;Våtmark (V) - Stor betydelse, Jordbrukslandskap (J) - Har betydelse, Skog (S) - Har betydelse;VU;B2ab(i,ii,iii,v)
261;99023;Carex holostoma;kolstarr;Art;300;Fjäll (F) - Stor betydelse;NT;"B1a+2a; D2"
222322;99024;Carex hostiana;ängsstarr;Art;13567;Jordbrukslandskap (J) - Stor betydelse, Våtmark (V) - Stor betydelse, Havsstrand (H) - Har betydelse;NT;A2bc+4abc
222326;99031;Carex lasiocarpa;trådstarr;Art;34122;Sötvatten (L) - Stor betydelse, Våtmark (V) - Stor betydelse;LC;
222327;99032;Carex laxa;slakstarr;Art;446;Våtmark (V) - Stor betydelse;LC;
222328;99033;Carex lepidocarpa;näbbstarr/jämtstarr;Art;6321;Våtmark (V) - Stor betydelse;LC;
224653;99034;Carex lepidocarpa subsp. jemtlandica;jämtstarr;Underart;1141;Våtmark (V) - Stor betydelse;NE;
222330;99039;Carex limosa;dystarr;Art;23944;Våtmark (V) - Stor betydelse;LC;
222331;99041;Carex livida;vitstarr;Art;6594;Våtmark (V) - Stor betydelse;LC;
222332;99042;Carex loliacea;repestarr;Art;6846;Skog (S) - Stor betydelse, Våtmark (V) - Stor betydelse;LC;
222335;99046;Carex magellanica;sumpstarr;Art;16305;Våtmark (V) - Stor betydelse;LC;
263;99050;Carex maritima;bågstarr;Art;761;Havsstrand (H) - Stor betydelse, Fjäll (F) - Har betydelse, Urban miljö (U) - Har betydelse;VU;"A2b; B2ab(ii,iii,v)"
222337;99054;Carex microglochin;borststarr;Art;584;Våtmark (V) - Stor betydelse;LC;
222338;99055;Carex montana;lundstarr;Art;11400;Jordbrukslandskap (J) - Stor betydelse, Skog (S) - Har betydelse;LC;
221025;99059;Carex myosuroides;enaxig sävstarr;Art;494;Fjäll (F) - Stor betydelse;LC;
222382;99073;Carex oederi;ärtstarr;Art;18064;Havsstrand (H) - Stor betydelse, Våtmark (V) - Stor betydelse;LC;
257;99074;Carex oederi var. bergrothii;ävjestarr;Varietet;342;Våtmark (V) - Stor betydelse;NE;
224693;99076;Carex oederi var. pulchella;liten ärtstarr;Varietet;2978;Havsstrand (H) - Stor betydelse, Våtmark (V) - Har betydelse;NE;
222344;99077;Carex ornithopoda;fågelstarr;Art;3105;Skog (S) - Stor betydelse, Jordbrukslandskap (J) - Har betydelse, Våtmark (V) - Har betydelse;LC;
222351;99083;Carex pallescens;blekstarr;Art;30905;Jordbrukslandskap (J) - Stor betydelse;LC;
222352;99085;Carex panicea;hirsstarr;Art;41325;Jordbrukslandskap (J) - Stor betydelse, Våtmark (V) - Stor betydelse;LC;
222354;99088;Carex parallela;lappstarr;Art;679;Fjäll (F) - Stor betydelse, Våtmark (V) - Stor betydelse;LC;
222355;99089;Carex pauciflora;taggstarr;Art;19962;Våtmark (V) - Stor betydelse;LC;
222358;99096;Carex pilulifera;pillerstarr;Art;21602;Jordbrukslandskap (J) - Stor betydelse;LC;
222361;99100;Carex pulicaris;loppstarr;Art;11068;Jordbrukslandskap (J) - Stor betydelse, Våtmark (V) - Stor betydelse, Havsstrand (H) - Har betydelse, Skog (S) - Har betydelse;NT;A2bc
222363;99103;Carex rariflora;myggstarr;Art;956;Våtmark (V) - Stor betydelse;LC;
222364;99104;Carex remota;skärmstarr;Art;11343;Skog (S) - Stor betydelse, Våtmark (V) - Stor betydelse;LC;
269;99105;Carex rhynchophysa;älvstarr;Art;693;Våtmark (V) - Stor betydelse, Skog (S) - Har betydelse, Sötvatten (L) - Har betydelse;NT;B2a
222370;99113;Carex rupestris;klippstarr;Art;1034;Fjäll (F) - Stor betydelse;LC;
222371;99116;Carex saxatilis;glansstarr;Art;1627;Fjäll (F) - Stor betydelse, Våtmark (V) - Stor betydelse;LC;
222548;99120;Carex simpliciuscula;fleraxig sävstarr;Art;286;Fjäll (F) - Stor betydelse, Våtmark (V) - Stor betydelse;LC;
221527;99329;Eleocharis acicularis;nålsäv;Art;9950;Brackvatten (B) - Stor betydelse, Havsstrand (H) - Stor betydelse, Sötvatten (L) - Stor betydelse, Våtmark (V) - Har betydelse;LC;
222432;99333;Eleocharis multicaulis;dysäv;Art;1562;Sötvatten (L) - Stor betydelse, Våtmark (V) - Stor betydelse;LC;
222435;99342;Eleocharis quinqueflora;tagelsäv;Art;5975;Våtmark (V) - Stor betydelse, Jordbrukslandskap (J) - Har betydelse;LC;
222466;99361;Eriophorum gracile;kärrull;Art;4053;Våtmark (V) - Stor betydelse;LC;
222467;99362;Eriophorum latifolium;gräsull;Art;11933;Våtmark (V) - Stor betydelse;LC;
222468;99364;Eriophorum russeolum;rostull;Art;1385;Våtmark (V) - Stor betydelse, Urban miljö (U) - Har betydelse;LC;
222470;99370;Eriophorum vaginatum;tuvull;Art;47526;Våtmark (V) - Stor betydelse;LC;
222653;99382;Rhynchospora alba;vitag;Art;13876;Våtmark (V) - Stor betydelse;LC;
222654;99383;Rhynchospora fusca;brunag;Art;3780;Våtmark (V) - Stor betydelse;NT;A2b
222662;99390;Schoenus ferrugineus;axag;Art;8058;Våtmark (V) - Stor betydelse, Jordbrukslandskap (J) - Har betydelse;LC;
222663;99391;Schoenus nigricans;knappag;Art;2752;Våtmark (V) - Stor betydelse;LC;
222702;99400;Trichophorum alpinum;snip;Art;18810;Våtmark (V) - Stor betydelse, Fjäll (F) - Har betydelse;LC;
222703;99401;Trichophorum cespitosum;tuvsäv;Art;22832;Våtmark (V) - Stor betydelse, Jordbrukslandskap (J) - Har betydelse;LC;
224858;99403;Trichophorum cespitosum subsp. germanicum;hedsäv;Underart;1226;Jordbrukslandskap (J) - Stor betydelse, Våtmark (V) - Stor betydelse;LC;
16;99462;Aira caryophyllea;vittåtel;Art;3198;Jordbrukslandskap (J) - Stor betydelse, Urban miljö (U) - Har betydelse;NT;B2ab(iii,iv)
222203;99466;Aira praecox;vårtåtel;Art;6182;Jordbrukslandskap (J) - Stor betydelse, Urban miljö (U) - Har betydelse;LC;
219926;99488;Ammophila arenaria;sandrör;Art;3020;Havsstrand (H) - Stor betydelse;LC;
219764;99504;Anthoxanthum nipponicum;nordvårbrodd;Art;3550;Fjäll (F) - Stor betydelse, Jordbrukslandskap (J) - Stor betydelse;LC;
222220;99505;Anthoxanthum odoratum;sydvårbrodd;Art;50455;Jordbrukslandskap (J) - Stor betydelse;LC;
1856;99511;Apera interrupta;alvarkösa;Art;529;Jordbrukslandskap (J) - Stor betydelse;NT;"B2a; D1"
83;99516;Arctophila fulva;hänggräs;Art;759;Havsstrand (H) - Stor betydelse, Sötvatten (L) - Stor betydelse, Våtmark (V) - Stor betydelse;VU;"B1ab(i,ii,iii,v)+2ab(i,ii,iii,v); D2"
224542;99518;Arctophila fulva var. pendulina;älvhänggräs;Varietet;22;Havsstrand (H) - Stor betydelse, Sötvatten (L) - Har betydelse, Våtmark (V) - Har betydelse;NE;
222416;99543;Avenella flexuosa;kruståtel;Art;94511;Jordbrukslandskap (J) - Stor betydelse, Skog (S) - Stor betydelse, Fjäll (F) - Har betydelse, Urban miljö (U) - Har betydelse;LC;
222242;99563;Briza media;darrgräs;Art;37216;Jordbrukslandskap (J) - Stor betydelse;LC;
174;99566;Bromopsis benekenii;strävlosta;Art;4861;Skog (S) - Stor betydelse;LC;
222255;99581;Bromus hordeaceus;luddlosta;Art;20021;Jordbrukslandskap (J) - Stor betydelse, Havsstrand (H) - Har betydelse, Urban miljö (U) - Har betydelse;LC;
177;99593;Bromus racemosus;ängslosta;Art;640;Jordbrukslandskap (J) - Stor betydelse;EN;B1ab(iii,iv)c(iv)+2ab(iii,iv)c(iv)
2082;99606;Calamagrostis chalybaea;skogsrör;Art;1967;Skog (S) - Stor betydelse, Urban miljö (U) - Stor betydelse;LC;
222270;99607;Calamagrostis epigejos;bergrör;Art;21960;Jordbrukslandskap (J) - Stor betydelse, Skog (S) - Stor betydelse, Urban miljö (U) - Stor betydelse;LC;
345;99654;Cinna latifolia;sötgräs;Art;1922;Skog (S) - Stor betydelse;NT;B2b(iii,v)
221399;99663;Corynephorus canescens;borsttåtel;Art;3511;Jordbrukslandskap (J) - Stor betydelse;LC;
219796;99682;Danthonia decumbens;knägräs;Art;31215;Jordbrukslandskap (J) - Stor betydelse;LC;
222414;99688;Deschampsia bottnica;gultåtel;Art;3242;Havsstrand (H) - Stor betydelse, Brackvatten (B) - Har betydelse;LC;
643;99711;Drymochloa sylvatica;skogssvingel;Art;2889;Skog (S) - Stor betydelse;NT;B2ab(iii,v)
224730;99766;Elytrigia juncea subsp. boreoatlantica;strandkvickrot;Underart;106;Havsstrand (H) - Stor betydelse;NE;
1883;99821;Festuca polesica;sandsvingel;Art;1236;Havsstrand (H) - Stor betydelse, Jordbrukslandskap (J) - Stor betydelse;LC;
224753;99828;Festuca rubra subsp. oelandica;bågsvingel;Underart;861;Jordbrukslandskap (J) - Stor betydelse;NE;
220178;99859;Helictochloa pratensis;ängshavre;Art;25691;Jordbrukslandskap (J) - Stor betydelse;LC;
220202;99863;Hierochloë alpina;fjällmyskgräs;Art;362;Fjäll (F) - Stor betydelse;LC;
783;99879;Hordelymus europaeus;skogskorn;Art;3388;Skog (S) - Stor betydelse;VU;B2ab(iii,v)
784;99896;Hordeum secalinum;ängskorn;Art;390;Jordbrukslandskap (J) - Stor betydelse, Havsstrand (H) - Har betydelse;EN;B1ab(ii,iii,v)c(iv)+2ab(ii,iii,v)c(iv)
1888;99907;Koeleria glauca;tofsäxing;Art;2590;Jordbrukslandskap (J) - Stor betydelse, Urban miljö (U) - Har betydelse;EN;"A2b; B2ab(iii,v)"
904;99908;Koeleria grandis;stor tofsäxing;Art;189;Jordbrukslandskap (J) - Stor betydelse;CR;"B1ab(v)+2ab(v); C2a(i,ii); D"
903;99909;Koeleria macrantha;fin tofsäxing;Art;100;Urban miljö (U) - Stor betydelse, Jordbrukslandskap (J) - Har betydelse;NA;
222584;99942;Melica nutans;bergsslok;Art;42212;Jordbrukslandskap (J) - Stor betydelse, Skog (S) - Stor betydelse;LC;
222586;99945;Melica uniflora;lundslok;Art;5865;Skog (S) - Stor betydelse;LC;
219851;99951;Milium effusum;hässlebrodd;Art;20494;Skog (S) - Stor betydelse;LC;
219861;99964;Nardus stricta;stagg;Art;37633;Fjäll (F) - Stor betydelse, Jordbrukslandskap (J) - Stor betydelse;LC;
1160;99985;Parapholis strigosa;ormax;Art;366;Havsstrand (H) - Stor betydelse, Jordbrukslandskap (J) - Stor betydelse;VU;B1ab(ii,iv,v)c(iv)+2ab(ii,iv,v)c(iv)
220995;100003;Phippsia algida;lappsnögräs;Art;456;Fjäll (F) - Stor betydelse, Våtmark (V) - Stor betydelse;VU;B2ab(i,ii,iii,iv,v)
1207;100004;Phippsia concinna;dovresnögräs;Art;161;Fjäll (F) - Stor betydelse, Våtmark (V) - Stor betydelse;EN;B1ab(ii,iii)+2ab(ii,iii)
222614;100007;Phleum alpinum;fjälltimotej;Art;6190;Fjäll (F) - Stor betydelse, Jordbrukslandskap (J) - Har betydelse;LC;
1900;100008;Phleum arenarium;sandtimotej;Art;2424;Jordbrukslandskap (J) - Stor betydelse, Havsstrand (H) - Har betydelse, Urban miljö (U) - Har betydelse;VU;B2ab(ii,iii,iv,v)c(iv)
219709;100033;Poa alpina;fjällgröe;Art;7586;Fjäll (F) - Stor betydelse, Jordbrukslandskap (J) - Har betydelse, Urban miljö (U) - Har betydelse;LC;
222626;100044;Poa bulbosa;knölgröe;Art;2482;Jordbrukslandskap (J) - Stor betydelse;LC;
222629;100050;Poa glauca;blågröe;Art;1522;Skog (S) - Stor betydelse, Jordbrukslandskap (J) - Har betydelse;LC;
224825;100063;Poa pratensis subsp. alpigena;nordgröe;Underart;1783;Fjäll (F) - Stor betydelse, Jordbrukslandskap (J) - Stor betydelse;LC;
1256;100069;Poa remota;storgröe;Art;3501;Skog (S) - Stor betydelse, Våtmark (V) - Har betydelse;NT;B2ab(iii,v)
222644;100099;Puccinellia capillaris;kustsaltgräs;Art;4244;Havsstrand (H) - Stor betydelse;LC;
222648;100108;Puccinellia maritima;revigt saltgräs;Art;2401;Havsstrand (H) - Stor betydelse;LC;
222670;100162;Sesleria uliginosa;älväxing;Art;7355;Jordbrukslandskap (J) - Stor betydelse, Våtmark (V) - Stor betydelse;LC;
1537;100197;Stipa pennata;fjädergräs;Art;451;Jordbrukslandskap (J) - Stor betydelse;CR;B1ab(v)
222708;100212;Trisetum spicatum;fjällhavre;Art;1220;Fjäll (F) - Stor betydelse;LC;
1605;100215;Trisetum subalpestre;venhavre;Art;295;Våtmark (V) - Stor betydelse, Sötvatten (L) - Har betydelse;NT;B2a
222717;100229;Vahlodea atropurpurea;lapptåtel;Art;896;Fjäll (F) - Stor betydelse;LC;
222389;100273;Ceratophyllum demersum;hornsärv;Art;17395;Sötvatten (L) - Stor betydelse, Brackvatten (B) - Har betydelse;LC;
302;100274;Ceratophyllum submersum;vårtsärv;Art;654;Sötvatten (L) - Stor betydelse;LC;
222815;100292;Corydalis cava;hålnunneört;Art;2718;Skog (S) - Stor betydelse, Jordbrukslandskap (J) - Har betydelse, Urban miljö (U) - Har betydelse;NT;A2bc+4abc
475;100293;Corydalis gotlandica;gotländsk nunneört;Art;707;Jordbrukslandskap (J) - Stor betydelse, Urban miljö (U) - Har betydelse;NT;D2
222817;100294;Corydalis intermedia;smånunneört;Art;8569;Jordbrukslandskap (J) - Stor betydelse, Skog (S) - Stor betydelse;LC;
712;100333;Glaucium flavum;strandvallmo;Art;962;Havsstrand (H) - Stor betydelse;VU;"B1ab(iii,v)+2ab(iii,v); C2a(i)"
1158;100374;Papaver radicatum;fjällvallmo;Art;425;Fjäll (F) - Stor betydelse;NT;B2a
1157;100375;Papaver radicatum subsp. laestadianum;laestadiusvallmo;Underart;131;Fjäll (F) - Stor betydelse;VU;D1
224906;100376;Papaver radicatum subsp. radicatum;lappvallmo;Underart;165;Fjäll (F) - Stor betydelse;NT;B2a
224885;100426;Aconitum lycoctonum subsp. septentrionale;nordisk stormhatt;Underart;9766;Fjäll (F) - Stor betydelse, Skog (S) - Stor betydelse, Våtmark (V) - Stor betydelse;LC;
8;100434;Actaea erythrocarpa;röd trolldruva;Art;1124;Skog (S) - Stor betydelse;NT;B2ab(ii,iii,v)
222771;100438;Actaea spicata;svart trolldruva;Art;32001;Skog (S) - Stor betydelse;LC;
9;100443;Adonis vernalis;våradonis;Art;2437;Jordbrukslandskap (J) - Stor betydelse;NT;B2a
222782;100453;Anemone nemorosa;vitsippa;Art;67828;Skog (S) - Stor betydelse, Jordbrukslandskap (J) - Har betydelse;LC;
222783;100456;Anemone ranunculoides;gulsippa;Art;10323;Skog (S) - Stor betydelse, Jordbrukslandskap (J) - Har betydelse, Urban miljö (U) - Har betydelse;LC;
1365;100504;Coptidium lapponicum;lappranunkel;Art;6058;Skog (S) - Stor betydelse, Våtmark (V) - Stor betydelse;LC;
1362;100520;Halerpestes cymbalaria;bohusranunkel;Art;191;Jordbrukslandskap (J) - Stor betydelse, Våtmark (V) - Stor betydelse, Havsstrand (H) - Har betydelse;EN;B1ab(i,iii,v)+2ab(i,iii,v)
222498;100531;Hepatica nobilis;blåsippa;Art;88366;Skog (S) - Stor betydelse, Jordbrukslandskap (J) - Har betydelse;LC;
1332;100546;Pulsatilla patens;nipsippa;Art;2579;Jordbrukslandskap (J) - Stor betydelse, Skog (S) - Stor betydelse;NT;B2ab(iii,v)
222884;100547;Pulsatilla pratensis;fältsippa;Art;5525;Jordbrukslandskap (J) - Stor betydelse;LC;
1853;100548;Pulsatilla vernalis;mosippa;Art;16460;Skog (S) - Stor betydelse, Jordbrukslandskap (J) - Har betydelse;EN;A2ac
222886;100549;Pulsatilla vulgaris;backsippa;Art;31240;Jordbrukslandskap (J) - Stor betydelse, Skog (S) - Har betydelse;VU;A2b
1333;100550;Pulsatilla vulgaris subsp. gotlandica;gotlandssippa;Underart;689;Skog (S) - Stor betydelse, Jordbrukslandskap (J) - Har betydelse;VU;D2
224913;100551;Pulsatilla vulgaris subsp. vulgaris;vanlig backsippa;Underart;19166;Jordbrukslandskap (J) - Stor betydelse;VU;A2bc+4b
1360;100561;Ranunculus acris subsp. friesianus;parksmörblomma;Underart;143;Urban miljö (U) - Stor betydelse, Jordbrukslandskap (J) - Har betydelse;NA;
224928;100902;Ranunculus baudotii;vitstjälksmöja;Art;4993;Brackvatten (B) - Stor betydelse, Sötvatten (L) - Stor betydelse;LC;
222891;100903;Ranunculus bulbosus;knölsmörblomma;Art;14359;Jordbrukslandskap (J) - Stor betydelse;LC;
222893;100907;Ranunculus circinatus;hjulmöja;Art;4375;Sötvatten (L) - Stor betydelse, Brackvatten (B) - Har betydelse;LC;
222894;100908;Ranunculus confervoides;hårmöja;Art;1802;Sötvatten (L) - Stor betydelse, Brackvatten (B) - Har betydelse;LC;
1363;100913;Ranunculus fluitans;jättemöja;Art;640;Sötvatten (L) - Stor betydelse;VU;D2
1364;100915;Ranunculus hederaceus;murgrönsmöja;Art;642;Jordbrukslandskap (J) - Stor betydelse, Våtmark (V) - Stor betydelse, Sötvatten (L) - Har betydelse, Urban miljö (U) - Har betydelse;NT;B1a+2a
232280;100916;Ranunculus hyperboreus;jordranunkel;Art;599;Våtmark (V) - Stor betydelse, Sötvatten (L) - Har betydelse, Urban miljö (U) - Har betydelse;LC;
1911;100919;Ranunculus illyricus;ullranunkel;Art;1577;Jordbrukslandskap (J) - Stor betydelse;LC;
222905;100923;Ranunculus lingua;sjöranunkel;Art;4997;Sötvatten (L) - Stor betydelse, Våtmark (V) - Har betydelse;LC;
1366;100933;Ranunculus ophioglossifolius;gotlandsranunkel;Art;0;Jordbrukslandskap (J) - Stor betydelse, Våtmark (V) - Stor betydelse;EN;"B1ac(iv); D"
222911;100937;Ranunculus peltatus agg.;sköldmöja (aggregat);Kollektivtaxon;11134;Sötvatten (L) - Stor betydelse, Brackvatten (B) - Har betydelse;NA;
222913;100943;Ranunculus platanifolius;vitsippsranunkel;Art;618;Skog (S) - Stor betydelse, Fjäll (F) - Har betydelse;LC;
222918;100953;Ranunculus reptans;strandranunkel;Art;10994;Sötvatten (L) - Stor betydelse, Havsstrand (H) - Har betydelse, Våtmark (V) - Har betydelse;LC;
1368;100964;Ranunculus sulphureus;polarsmörblomma;Art;97;Fjäll (F) - Stor betydelse;VU;D1+2
222924;100983;Thalictrum alpinum;fjällruta;Art;4417;Fjäll (F) - Stor betydelse, Jordbrukslandskap (J) - Har betydelse, Skog (S) - Har betydelse;LC;
222927;100986;Thalictrum flavum;ängsruta;Art;12155;Jordbrukslandskap (J) - Stor betydelse, Våtmark (V) - Stor betydelse;LC;
224937;100996;Thalictrum simplex subsp. boreale;nordruta;Underart;681;Jordbrukslandskap (J) - Stor betydelse, Våtmark (V) - Stor betydelse;NE;
222931;101006;Trollius europaeus;smörbollar;Art;20970;Fjäll (F) - Stor betydelse, Jordbrukslandskap (J) - Stor betydelse, Skog (S) - Har betydelse, Våtmark (V) - Har betydelse;LC;
223366;101062;Ribes nigrum;svarta vinbär;Art;15165;Jordbrukslandskap (J) - Stor betydelse, Skog (S) - Stor betydelse, Urban miljö (U) - Har betydelse;LC;
223370;101070;Ribes spicatum;skogsvinbär;Art;5213;Skog (S) - Stor betydelse, Jordbrukslandskap (J) - Har betydelse, Urban miljö (U) - Har betydelse;LC;
225188;101074;Ribes spicatum subsp. spicatum;vanliga skogsvinbär;Underart;1175;Skog (S) - Stor betydelse;LC;
220075;101096;Chrysosplenium alternifolium;gullpudra;Art;20300;Skog (S) - Stor betydelse, Våtmark (V) - Stor betydelse;LC;
1870;101097;Chrysosplenium oppositifolium;kustgullpudra;Art;77;Våtmark (V) - Stor betydelse, Skog (S) - Har betydelse;VU;D2
223335;101098;Chrysosplenium tetrandrum;polargullpudra;Art;205;Skog (S) - Stor betydelse, Våtmark (V) - Stor betydelse;NT;B2a
223377;101121;Saxifraga adscendens;klippbräcka;Art;839;Fjäll (F) - Stor betydelse, Skog (S) - Stor betydelse, Jordbrukslandskap (J) - Har betydelse;LC;
223378;101124;Saxifraga aizoides;gullbräcka;Art;2888;Fjäll (F) - Stor betydelse, Våtmark (V) - Stor betydelse;LC;
1447;101128;Saxifraga cotyledon;fjällbrud;Art;712;Skog (S) - Stor betydelse, Fjäll (F) - Har betydelse;NT;B2a
223383;101132;Saxifraga granulata;mandelblomma;Art;25192;Jordbrukslandskap (J) - Stor betydelse;LC;
1448;101133;Saxifraga hirculus;myrbräcka;Art;2057;Våtmark (V) - Stor betydelse;NT;B2ab(ii,iii,iv)
264446;101134;Saxifraga hirculus subsp. compacta;liten myrbräcka;Underart;0;;NA;
264445;101135;Saxifraga hirculus subsp. hirculus;stor myrbräcka;Underart;0;Våtmark (V) - Stor betydelse;NE;
1449;101143;Saxifraga osloënsis;hällebräcka;Art;7419;Jordbrukslandskap (J) - Stor betydelse, Urban miljö (U) - Stor betydelse;VU;A2ab
223390;101149;Saxifraga rivularis;snöbräcka;Art;785;Fjäll (F) - Stor betydelse, Våtmark (V) - Stor betydelse;LC;
223395;101154;Saxifraga tridactylites;grusbräcka;Art;6280;Jordbrukslandskap (J) - Stor betydelse;LC;
223407;101194;Petrosedum rupestre;stor fetknopp;Art;6860;Jordbrukslandskap (J) - Stor betydelse, Urban miljö (U) - Har betydelse;LC;
223397;101210;Sedum acre;gul fetknopp;Art;32471;Jordbrukslandskap (J) - Stor betydelse, Urban miljö (U) - Har betydelse;LC;
223398;101211;Sedum album;vit fetknopp;Art;14350;Jordbrukslandskap (J) - Stor betydelse, Urban miljö (U) - Har betydelse;LC;
1477;101212;Sedum anglicum;engelsk fetknopp;Art;1008;Havsstrand (H) - Stor betydelse, Jordbrukslandskap (J) - Har betydelse;NT;B1a+2a
223400;101213;Sedum annuum;liten fetknopp;Art;10918;Jordbrukslandskap (J) - Stor betydelse, Urban miljö (U) - Har betydelse;LC;
223408;101222;Sedum sexangulare;kantig fetknopp;Art;4535;Jordbrukslandskap (J) - Stor betydelse, Urban miljö (U) - Har betydelse;LC;
1478;101225;Sedum villosum;klibbig fetknopp;Art;184;Fjäll (F) - Stor betydelse;NT;"B2a; D1"
220832;101237;Myriophyllum alterniflorum;hårslinga;Art;13434;Sötvatten (L) - Stor betydelse, Brackvatten (B) - Har betydelse;LC;
223346;101245;Myriophyllum sibiricum;knoppslinga;Art;8141;Brackvatten (B) - Stor betydelse, Sötvatten (L) - Stor betydelse;LC;
223347;101248;Myriophyllum spicatum;axslinga;Art;26189;Brackvatten (B) - Stor betydelse, Sötvatten (L) - Stor betydelse;LC;
223348;101251;Myriophyllum verticillatum;kransslinga;Art;3984;Sötvatten (L) - Stor betydelse, Brackvatten (B) - Har betydelse;LC;
221165;101304;Astragalus alpinus;fjällvedel;Art;4857;Fjäll (F) - Stor betydelse, Jordbrukslandskap (J) - Har betydelse, Urban miljö (U) - Har betydelse;LC;
114;101307;Astragalus arenarius;sandvedel;Art;704;Jordbrukslandskap (J) - Stor betydelse;EN;B1ab(ii,iii,v)+2ab(ii,iii,v)
115;101311;Astragalus danicus;strandvedel;Art;544;Jordbrukslandskap (J) - Stor betydelse, Havsstrand (H) - Har betydelse;CR;C2a(i)
221171;101313;Astragalus frigidus;isvedel;Art;1011;Fjäll (F) - Stor betydelse, Skog (S) - Har betydelse;LC;
221173;101316;Astragalus norvegicus;vippvedel;Art;620;Fjäll (F) - Stor betydelse;LC;
116;101317;Astragalus penduliflorus;smällvedel;Art;1534;Skog (S) - Stor betydelse, Urban miljö (U) - Stor betydelse;VU;B2ab(ii,iii,v)
690;101362;Genista anglica;nålginst;Art;831;Jordbrukslandskap (J) - Stor betydelse, Urban miljö (U) - Har betydelse;EN;B1ab(iii)
691;101363;Genista germanica;tysk ginst;Art;321;Jordbrukslandskap (J) - Stor betydelse, Urban miljö (U) - Har betydelse;CR;"C2a(i); D"
692;101364;Genista pilosa;hårginst;Art;3925;Jordbrukslandskap (J) - Stor betydelse, Urban miljö (U) - Har betydelse;NT;B2ab(iii,v)
776;101380;Hippocrepis emerus;gulkronill;Art;1347;Jordbrukslandskap (J) - Stor betydelse, Skog (S) - Stor betydelse;NT;B1ab(iii,v)+2ab(iii,v)
264450;101382;Hippocrepis emerus subsp. emerus;äkta gulkronill;Underart;29;Jordbrukslandskap (J) - Stor betydelse, Skog (S) - Stor betydelse;NT;B1ab(iii,v)+2ab(iii,v)
221220;101406;Lathyrus japonicus;strandvial;Art;4164;Havsstrand (H) - Stor betydelse;LC;
221222;101416;Lathyrus linifolius;gökärt;Art;51560;Jordbrukslandskap (J) - Stor betydelse, Skog (S) - Har betydelse;LC;
221223;101419;Lathyrus niger;vippärt;Art;8546;Skog (S) - Stor betydelse;NT;A2b
221227;101423;Lathyrus palustris;kärrvial;Art;5524;Havsstrand (H) - Stor betydelse, Jordbrukslandskap (J) - Stor betydelse, Våtmark (V) - Stor betydelse, Sötvatten (L) - Har betydelse;LC;
916;101430;Lathyrus sphaericus;vårvial;Art;302;Havsstrand (H) - Stor betydelse, Jordbrukslandskap (J) - Har betydelse;EN;D
917;101433;Lathyrus tuberosus;knölvial;Art;2095;Jordbrukslandskap (J) - Stor betydelse, Urban miljö (U) - Stor betydelse;VU;"A2b; B2ab(iii,v); C1+2a(i)"
221235;101435;Lathyrus vernus;vårärt;Art;18004;Skog (S) - Stor betydelse, Jordbrukslandskap (J) - Har betydelse;LC;
221239;101444;Lotus corniculatus;käringtand;Art;49951;Jordbrukslandskap (J) - Stor betydelse, Urban miljö (U) - Stor betydelse, Havsstrand (H) - Har betydelse;LC;
221306;101452;Lotus maritimus;klöverärt;Art;3671;Havsstrand (H) - Stor betydelse, Jordbrukslandskap (J) - Stor betydelse, Våtmark (V) - Stor betydelse;LC;
999;101458;Lotus tenuis;smal käringtand;Art;1708;Havsstrand (H) - Stor betydelse;VU;B2ab(v)
1023;101488;Medicago minima;sandlusern;Art;1060;Jordbrukslandskap (J) - Stor betydelse, Urban miljö (U) - Har betydelse;VU;B2ab(iii,iv,v)
1035;101513;Melilotus dentatus;strandsötväppling;Art;399;Havsstrand (H) - Stor betydelse, Jordbrukslandskap (J) - Stor betydelse, Urban miljö (U) - Har betydelse;EN;B1ab(i,ii,iii,v)+2ab(i,ii,iii,v)
221295;101552;Oxytropis campestris;fältvedel;Art;2463;Jordbrukslandskap (J) - Stor betydelse;LC;
220834;101558;Oxytropis lapponica;lappvedel;Art;619;Fjäll (F) - Stor betydelse;LC;
1142;101559;Oxytropis pilosa;luddvedel;Art;1325;Jordbrukslandskap (J) - Stor betydelse, Havsstrand (H) - Har betydelse, Urban miljö (U) - Har betydelse;EN;B2ab(iii,v)
1603;101604;Trifolium alpestre;alpklöver;Art;181;Skog (S) - Stor betydelse, Jordbrukslandskap (J) - Har betydelse, Urban miljö (U) - Har betydelse;EN;"A2ab; B1ab(iii,iv,v)+2ab(iii,iv,v); C1"
221324;101620;Trifolium fragiferum;smultronklöver;Art;5447;Havsstrand (H) - Stor betydelse, Jordbrukslandskap (J) - Stor betydelse;LC;
221333;101634;Trifolium montanum;backklöver;Art;9382;Jordbrukslandskap (J) - Stor betydelse;NT;A2bc+4abc
1658;101697;Vicia dumetorum;buskvicker;Art;1643;Skog (S) - Stor betydelse, Urban miljö (U) - Har betydelse;EN;A2ab
1659;101718;Vicia pisiformis;ärtvicker;Art;1462;Skog (S) - Stor betydelse, Urban miljö (U) - Har betydelse;EN;B2ab(ii,iii,v)
220853;101747;Polygala amarella;rosettjungfrulin;Art;9341;Havsstrand (H) - Stor betydelse, Jordbrukslandskap (J) - Stor betydelse, Urban miljö (U) - Har betydelse;LC;
222133;101750;Polygala vulgaris;jungfrulin;Art;32585;Jordbrukslandskap (J) - Stor betydelse;LC;
222934;101772;Alchemilla alpina;fjällkåpa;Art;2635;Fjäll (F) - Stor betydelse;LC;
222943;101795;Alchemilla glaucescens;sammetsdaggkåpa;Art;17132;Jordbrukslandskap (J) - Stor betydelse;LC;
224945;101841;Argentina anserina subsp. groenlandica;grönlandsgåsört;Underart;806;Havsstrand (H) - Stor betydelse;LC;
221186;101857;Comarum palustre;kråkklöver;Art;52070;Våtmark (V) - Stor betydelse, Jordbrukslandskap (J) - Har betydelse;LC;
1873;101864;Cotoneaster canescens;alvaroxbär;Art;1546;Jordbrukslandskap (J) - Stor betydelse, Skog (S) - Har betydelse;LC;
223005;101876;Cotoneaster integerrimus;rött oxbär;Art;5762;Jordbrukslandskap (J) - Stor betydelse, Skog (S) - Har betydelse, Urban miljö (U) - Har betydelse;LC;
223003;101887;Cotoneaster niger;svartoxbär;Art;2110;Jordbrukslandskap (J) - Stor betydelse, Skog (S) - Har betydelse;LC;
219668;101938;Dryas octopetala;fjällsippa;Art;2676;Fjäll (F) - Stor betydelse;LC;
1879;101941;Drymocallis rupestris;trollsmultron;Art;3677;Jordbrukslandskap (J) - Stor betydelse, Urban miljö (U) - Har betydelse;VU;"B2ab(iii,v); C1+2a(i)"
223027;101953;Filipendula vulgaris;brudbröd;Art;38070;Jordbrukslandskap (J) - Stor betydelse;LC;
223032;101963;Fragaria viridis;backsmultron;Art;8224;Jordbrukslandskap (J) - Stor betydelse;LC;
223037;101980;Geum rivale;humleblomster;Art;47232;Jordbrukslandskap (J) - Stor betydelse, Våtmark (V) - Stor betydelse;LC;
223056;102041;Potentilla crantzii;vårfingerört;Art;9135;Fjäll (F) - Stor betydelse, Jordbrukslandskap (J) - Stor betydelse;LC;
223057;102043;Potentilla erecta;blodrot;Art;76597;Jordbrukslandskap (J) - Stor betydelse, Våtmark (V) - Stor betydelse;LC;
1286;102044;Potentilla heptaphylla;luddfingerört;Art;1111;Jordbrukslandskap (J) - Stor betydelse;NT;B1ab(i,ii,iii,v)+2ab(i,ii,iii,v)
1287;102045;Potentilla hyparctica;raggfingerört;Art;94;Fjäll (F) - Stor betydelse;VU;D1
1288;102058;Potentilla multifida;mångfingerört;Art;203;Skog (S) - Stor betydelse, Fjäll (F) - Har betydelse, Urban miljö (U) - Har betydelse;VU;B2ab(v)
1289;102075;Potentilla sterilis;smultronfingerört;Art;605;Jordbrukslandskap (J) - Stor betydelse, Urban miljö (U) - Har betydelse;VU;B1ab(i,ii,iii,v)+2ab(i,ii,iii,v)
1909;102076;Potentilla sterneri;backfingerört;Art;1253;Jordbrukslandskap (J) - Stor betydelse, Urban miljö (U) - Har betydelse;NT;B2ab(iii,v)
223073;102087;Potentilla verna;småfingerört;Art;7993;Jordbrukslandskap (J) - Stor betydelse;LC;
1396;102158;Rosa acicularis;finnros;Art;448;Skog (S) - Stor betydelse, Våtmark (V) - Har betydelse;VU;D2
1397;102159;Rosa agrestis;åkerros;Art;274;Jordbrukslandskap (J) - Stor betydelse, Urban miljö (U) - Har betydelse;CR;D
1398;102183;Rosa × inodora;västkustros;Art;1141;Jordbrukslandskap (J) - Stor betydelse, Skog (S) - Har betydelse, Urban miljö (U) - Har betydelse;EN;D
223185;102250;Rubus saxatilis;stenbär;Art;51314;Skog (S) - Stor betydelse, Urban miljö (U) - Har betydelse;LC;
223205;102467;Sibbaldia procumbens;dvärgfingerört;Art;1657;Fjäll (F) - Stor betydelse;LC;
1285;102470;Sibbaldianthe bifurca;spetsfingerört;Art;386;Urban miljö (U) - Stor betydelse, Jordbrukslandskap (J) - Har betydelse;NA;
6037533;102481;Sorbus atrata;garderönn;Art;2271;Skog (S) - Stor betydelse;VU;D1+2
6037532;102488;Sorbus faohraei;bungerönn;Art;116;Skog (S) - Stor betydelse;CR;"B1ab(v)+2ab(v); C1+2a(i,ii); D"
1509;102499;Sorbus meinichii/teodori agg.;fagerrönn (aggregat);Kollektivtaxon;3057;Jordbrukslandskap (J) - Stor betydelse;NE;
1508;102503;Sorbus obtusifolia;norskoxel;Art;374;Jordbrukslandskap (J) - Stor betydelse, Skog (S) - Stor betydelse;EN;D
6037534;102512;Sorbus teodori;avarönn;Art;414;Jordbrukslandskap (J) - Stor betydelse, Skog (S) - Stor betydelse, Urban miljö (U) - Har betydelse;CR;D
6002920;102513;Sorbus teodori agg.;avarönn (aggregat);Artkomplex;3028;Jordbrukslandskap (J) - Stor betydelse, Skog (S) - Stor betydelse, Urban miljö (U) - Har betydelse;NA;
225038;102519;Sorbus aucuparia × hybrida;rönn × finnoxel;Hybrid;74;Jordbrukslandskap (J) - Stor betydelse, Skog (S) - Stor betydelse;NA;
221206;102569;Hippophaë rhamnoides;havtorn;Art;4684;Havsstrand (H) - Stor betydelse, Urban miljö (U) - Har betydelse;LC;
225051;102621;Urtica dioica subsp. sondenii;fjällnässla;Underart;236;Fjäll (F) - Stor betydelse, Skog (S) - Stor betydelse;LC;
221929;102779;Parnassia palustris;slåtterblomma;Art;31156;Fjäll (F) - Stor betydelse, Jordbrukslandskap (J) - Stor betydelse, Våtmark (V) - Stor betydelse, Havsstrand (H) - Har betydelse, Urban miljö (U) - Har betydelse;LC;
836;102814;Hypericum humifusum;dvärgjohannesört;Art;1258;Jordbrukslandskap (J) - Stor betydelse, Urban miljö (U) - Har betydelse;EN;"B2ab(i,ii,iii,v); C2a(i)"
837;102822;Hypericum pulchrum;hedjohannesört;Art;737;Skog (S) - Stor betydelse, Jordbrukslandskap (J) - Har betydelse, Urban miljö (U) - Har betydelse;VU;B1ab(i,ii)+2ab(i,ii)
576;102829;Elatine hexandra;skaftslamkrypa;Art;1193;Sötvatten (L) - Stor betydelse, Våtmark (V) - Har betydelse;VU;"A2b; B2ab(i,ii,iii,iv,v)"
221524;102830;Elatine hydropiper;korsslamkrypa;Art;2085;Havsstrand (H) - Stor betydelse, Sötvatten (L) - Stor betydelse, Brackvatten (B) - Har betydelse;LC;
577;102833;Elatine orthosperma;nordslamkrypa;Art;628;Sötvatten (L) - Stor betydelse, Våtmark (V) - Stor betydelse, Brackvatten (B) - Har betydelse, Havsstrand (H) - Har betydelse, Jordbrukslandskap (J) - Har betydelse;NT;B2ab(ii,iii)
221526;102834;Elatine triandra;tretalig slamkrypa;Art;1283;Sötvatten (L) - Stor betydelse, Brackvatten (B) - Har betydelse, Havsstrand (H) - Har betydelse;LC;
1661;102838;Viola alba;silverviol;Art;686;Jordbrukslandskap (J) - Stor betydelse, Urban miljö (U) - Stor betydelse;CR;B1ab(iii,v)
221994;102841;Viola biflora;fjällviol;Art;4850;Fjäll (F) - Stor betydelse, Skog (S) - Har betydelse;LC;
224375;102843;Viola canina subsp. canina;äkta ängsviol;Underart;18749;Jordbrukslandskap (J) - Stor betydelse, Urban miljö (U) - Har betydelse;NE;
224382;102844;Viola canina subsp. montana;norrlandsviol;Underart;5387;Jordbrukslandskap (J) - Stor betydelse;LC;
1662;102845;Viola collina;bergviol;Art;1377;Jordbrukslandskap (J) - Stor betydelse, Skog (S) - Har betydelse, Urban miljö (U) - Har betydelse;VU;B2ab(iii,v)
1663;102848;Viola elatior;storviol;Art;1275;Jordbrukslandskap (J) - Stor betydelse, Skog (S) - Har betydelse;EN;B1ab(iii,v)+2ab(iii,v)
221999;102849;Viola epipsila;mossviol;Art;10597;Våtmark (V) - Stor betydelse, Fjäll (F) - Har betydelse;LC;
222002;102853;Viola mirabilis;underviol;Art;11944;Skog (S) - Stor betydelse;LC;
222004;102855;Viola palustris;kärrviol;Art;39201;Våtmark (V) - Stor betydelse;LC;
1664;102862;Viola rupestris subsp. relicta;lappviol;Underart;264;Fjäll (F) - Stor betydelse;NT;B2a
1665;102867;Viola selkirkii;skuggviol;Art;1511;Skog (S) - Stor betydelse;NT;B2ab(iii,v)
222011;102871;Viola tricolor;styvmorsviol;Art;33609;Havsstrand (H) - Stor betydelse, Jordbrukslandskap (J) - Stor betydelse, Urban miljö (U) - Stor betydelse;LC;
1666;102874;Viola uliginosa;sumpviol;Art;3121;Skog (S) - Stor betydelse, Våtmark (V) - Stor betydelse;NT;"A2b; B2ab(ii,iii)"
223281;102984;Salix arbuscula;risvide;Art;967;Fjäll (F) - Stor betydelse, Våtmark (V) - Stor betydelse;LC;
225176;102991;Salix bebbiana;finnvide;Art;1307;Jordbrukslandskap (J) - Stor betydelse, Våtmark (V) - Stor betydelse;LC;
223284;102996;Salix caprea;sälg;Art;72767;Skog (S) - Stor betydelse, Jordbrukslandskap (J) - Har betydelse, Urban miljö (U) - Har betydelse, Våtmark (V) - Har betydelse;LC;
225139;103025;Salix hastata subsp. subintegrifolia;finnblekvide;Underart;1178;Våtmark (V) - Stor betydelse, Jordbrukslandskap (J) - Har betydelse, Urban miljö (U) - Har betydelse;LC;
223297;103046;Salix myrsinites;glansvide;Art;2578;Fjäll (F) - Stor betydelse, Våtmark (V) - Stor betydelse;LC;
223300;103054;Salix phylicifolia;grönvide;Art;18013;Fjäll (F) - Stor betydelse, Våtmark (V) - Stor betydelse, Jordbrukslandskap (J) - Har betydelse, Skog (S) - Har betydelse;LC;
223303;103058;Salix repens;hundvide;Art;25099;Havsstrand (H) - Stor betydelse, Jordbrukslandskap (J) - Stor betydelse, Fjäll (F) - Har betydelse, Våtmark (V) - Har betydelse;LC;
225173;103060;Salix repens var. argentea;sandvide;Varietet;843;Havsstrand (H) - Stor betydelse, Jordbrukslandskap (J) - Stor betydelse, Våtmark (V) - Stor betydelse;NE;
221968;103266;Euphorbia palustris;kärrtörel;Art;2614;Havsstrand (H) - Stor betydelse, Våtmark (V) - Stor betydelse, Jordbrukslandskap (J) - Har betydelse;LC;
221987;103284;Mercurialis perennis;skogsbingel;Art;11930;Skog (S) - Stor betydelse;LC;
221983;103293;Linum catharticum;vildlin;Art;19485;Jordbrukslandskap (J) - Stor betydelse;LC;
1910;103298;Radiola linoides;dvärglin;Art;4370;Havsstrand (H) - Stor betydelse, Jordbrukslandskap (J) - Stor betydelse, Våtmark (V) - Stor betydelse, Urban miljö (U) - Har betydelse;NT;"A2b; B2ab(iii,iv,v)"
706;103325;Geranium bohemicum;svedjenäva;Art;4629;Skog (S) - Stor betydelse, Urban miljö (U) - Har betydelse;NT;B2ab(v)
221471;103330;Geranium columbinum;duvnäva;Art;6602;Jordbrukslandskap (J) - Stor betydelse, Urban miljö (U) - Stor betydelse;LC;
708;103343;Geranium palustre;kärrnäva;Art;802;Jordbrukslandskap (J) - Stor betydelse, Skog (S) - Har betydelse, Urban miljö (U) - Har betydelse, Våtmark (V) - Har betydelse;EN;A2ab
222087;103397;Lythrum salicaria;fackelblomster;Art;29878;Havsstrand (H) - Stor betydelse, Våtmark (V) - Stor betydelse, Jordbrukslandskap (J) - Har betydelse, Sötvatten (L) - Har betydelse;LC;
222395;103417;Circaea alpina;dvärghäxört;Art;6311;Skog (S) - Stor betydelse, Våtmark (V) - Har betydelse;LC;
222061;103430;Epilobium alsinifolium;källdunört;Art;1250;Fjäll (F) - Stor betydelse, Våtmark (V) - Stor betydelse;LC;
222069;103439;Epilobium hornemannii;fjälldunört;Art;4045;Fjäll (F) - Stor betydelse, Våtmark (V) - Stor betydelse;LC;
222072;103443;Epilobium laestadii;lappdunört;Art;107;Våtmark (V) - Stor betydelse, Fjäll (F) - Har betydelse;LC;
222412;103791;Daphne mezereum;tibast;Art;29820;Skog (S) - Stor betydelse, Jordbrukslandskap (J) - Har betydelse;LC;
1884;103798;Fumana procumbens;gotlandssolvända;Art;1551;Jordbrukslandskap (J) - Stor betydelse;LC;
220164;103802;Helianthemum nummularium;solvända;Art;20765;Jordbrukslandskap (J) - Stor betydelse;NT;A2b
1886;103806;Helianthemum oelandicum;ölandssolvända;Art;2725;Jordbrukslandskap (J) - Stor betydelse;LC;
1852;103843;Alyssum alyssoides;grådådra;Art;5876;Jordbrukslandskap (J) - Stor betydelse, Urban miljö (U) - Stor betydelse;NT;B2ab(ii,iii,v)
220423;103871;Arabis hirsuta;lundtrav;Art;12067;Jordbrukslandskap (J) - Stor betydelse, Skog (S) - Har betydelse;LC;
81;103876;Arabis planisiliqua;gotlandstrav;Art;295;Jordbrukslandskap (J) - Stor betydelse, Urban miljö (U) - Stor betydelse;EN;B1ab(v)+2ab(v)
172;103930;Braya linearis;fjällkrassing;Art;519;Fjäll (F) - Stor betydelse;NT;B2a
220449;103935;Cakile maritima;marviol;Art;5237;Havsstrand (H) - Stor betydelse;LC;
221178;103961;Cardamine amara;bäckbräsma;Art;15819;Skog (S) - Stor betydelse, Våtmark (V) - Stor betydelse, Jordbrukslandskap (J) - Har betydelse;LC;
220460;103963;Cardamine bulbifera;tandrot;Art;11982;Skog (S) - Stor betydelse;LC;
254;103974;Cardamine parviflora;strandbräsma;Art;1263;Jordbrukslandskap (J) - Stor betydelse, Våtmark (V) - Stor betydelse, Sötvatten (L) - Har betydelse, Urban miljö (U) - Har betydelse;VU;B2ab(i,ii,iii,iv,v)
220467;103976;Cardamine pratensis;ängsbräsma;Art;29747;Jordbrukslandskap (J) - Stor betydelse, Våtmark (V) - Stor betydelse;LC;
220474;103992;Cochlearia officinalis;skörbjuggsört;Art;3827;Havsstrand (H) - Stor betydelse;LC;
220482;104010;Crambe maritima;strandkål;Art;4344;Havsstrand (H) - Stor betydelse;LC;
561;104026;Draba cacuminum;blockdraba;Art;136;Fjäll (F) - Stor betydelse;VU;D1
264649;104027;Draba cacuminum subsp. angusticarpa;nordlig blockdraba;Underart;8;Fjäll (F) - Stor betydelse;NE;
220494;104033;Draba glabella;fjälldraba;Art;556;Fjäll (F) - Stor betydelse;LC;
220496;104036;Draba incana;grådraba;Art;1609;Fjäll (F) - Stor betydelse, Jordbrukslandskap (J) - Stor betydelse, Havsstrand (H) - Har betydelse, Urban miljö (U) - Har betydelse;LC;
220498;104039;Draba muralis;lunddraba;Art;4128;Jordbrukslandskap (J) - Stor betydelse, Skog (S) - Har betydelse;LC;
1878;104047;Draba subcapitata;raggdraba;Art;56;Fjäll (F) - Stor betydelse;EN;D
1939;104088;Erucastrum supinum;kalkkrassing;Art;3199;Jordbrukslandskap (J) - Stor betydelse, Urban miljö (U) - Har betydelse;LC;
220517;104100;Erysimum strictum;bergkårel;Art;3912;Jordbrukslandskap (J) - Stor betydelse, Fjäll (F) - Har betydelse, Skog (S) - Har betydelse, Urban miljö (U) - Har betydelse;LC;
222518;104121;Hornungia petraea;stenkrassing;Art;2582;Jordbrukslandskap (J) - Stor betydelse, Urban miljö (U) - Har betydelse;LC;
219842;104135;Isatis tinctoria;vejde;Art;3173;Havsstrand (H) - Stor betydelse, Jordbrukslandskap (J) - Har betydelse, Urban miljö (U) - Har betydelse;LC;
220540;104152;Lepidium latifolium;bitterkrassing;Art;1593;Havsstrand (H) - Stor betydelse, Urban miljö (U) - Har betydelse;LC;
1000;104168;Lunaria rediviva;månviol;Art;1267;Skog (S) - Stor betydelse;NT;B2a
1394;104187;Nasturtium microphyllum;bäckfräne;Art;186;Jordbrukslandskap (J) - Stor betydelse, Sötvatten (L) - Stor betydelse, Våtmark (V) - Har betydelse;CR;D
220604;104262;Subularia aquatica;sylört;Art;6638;Sötvatten (L) - Stor betydelse, Brackvatten (B) - Har betydelse, Våtmark (V) - Har betydelse;LC;
220605;104264;Teesdalia nudicaulis;sandkrassing;Art;6437;Jordbrukslandskap (J) - Stor betydelse;LC;
1560;104274;Thesium alpinum;spindelört;Art;5228;Jordbrukslandskap (J) - Stor betydelse, Urban miljö (U) - Har betydelse;NT;B2ab(iii,v)
1667;104277;Viscum album;mistel;Art;17146;Jordbrukslandskap (J) - Stor betydelse, Skog (S) - Stor betydelse, Urban miljö (U) - Stor betydelse;LC;
220649;104293;Armeria maritima;trift;Art;13893;Havsstrand (H) - Stor betydelse, Jordbrukslandskap (J) - Stor betydelse, Urban miljö (U) - Stor betydelse;LC;
86;104297;Armeria scabra;fjälltrift;Art;59;Fjäll (F) - Stor betydelse;VU;D2
220551;104299;Limonium humile;bohusmarrisp;Art;1485;Havsstrand (H) - Stor betydelse;LC;
978;104305;Limonium vulgare;marrisp;Art;1458;Havsstrand (H) - Stor betydelse, Jordbrukslandskap (J) - Stor betydelse;VU;"A2b; B2ab(ii,v)"
220685;104325;Bistorta vivipara;ormrot;Art;31539;Fjäll (F) - Stor betydelse, Jordbrukslandskap (J) - Stor betydelse;LC;
220833;104341;Oxyria digyna;fjällsyra;Art;1917;Fjäll (F) - Stor betydelse;LC;
221909;104343;Persicaria amphibia;vattenpilört;Art;17519;Sötvatten (L) - Stor betydelse, Våtmark (V) - Stor betydelse, Urban miljö (U) - Har betydelse;LC;
1263;104346;Persicaria foliosa;ävjepilört;Art;1781;Havsstrand (H) - Stor betydelse, Sötvatten (L) - Stor betydelse, Våtmark (V) - Stor betydelse, Brackvatten (B) - Har betydelse, Jordbrukslandskap (J) - Har betydelse;NT;B2ab(ii,iii)
1264;104385;Polygonum oxyspermum;näbbtrampört;Art;642;Havsstrand (H) - Stor betydelse;EN;C2a(i)
220869;104415;Rumex acetosella;bergssyra;Art;47680;Jordbrukslandskap (J) - Stor betydelse, Urban miljö (U) - Stor betydelse;LC;
220877;104430;Rumex crispus;krusskräppa;Art;29439;Havsstrand (H) - Stor betydelse, Jordbrukslandskap (J) - Stor betydelse, Urban miljö (U) - Stor betydelse;LC;
220881;104445;Rumex longifolius;gårdsskräppa;Art;26328;Havsstrand (H) - Stor betydelse, Jordbrukslandskap (J) - Stor betydelse, Urban miljö (U) - Stor betydelse;LC;
220888;104463;Rumex pseudonatronatus;finnskräppa;Art;126;Havsstrand (H) - Stor betydelse;LC;
220120;104531;Drosera anglica;storsileshår;Art;18940;Våtmark (V) - Stor betydelse;LC;
220772;104533;Drosera intermedia;småsileshår;Art;6706;Våtmark (V) - Stor betydelse;LC;
220773;104534;Drosera rotundifolia;rundsileshår;Art;34906;Våtmark (V) - Stor betydelse;LC;
1857;104545;Arenaria gothica;kalknarv;Art;1061;Jordbrukslandskap (J) - Stor betydelse, Urban miljö (U) - Har betydelse;NT;B2a
84;104546;Arenaria humifusa;grusnarv;Art;361;Fjäll (F) - Stor betydelse;NT;B1a+2a
1858;104549;Arenaria norvegica;skrednarv;Art;477;Fjäll (F) - Stor betydelse;NT;B2a
220651;104557;Atocion rupestre;bergglim;Art;7465;Jordbrukslandskap (J) - Stor betydelse, Fjäll (F) - Har betydelse, Skog (S) - Har betydelse;LC;
301;104566;Cerastium brachypetalum;raggarv;Art;972;Jordbrukslandskap (J) - Stor betydelse, Urban miljö (U) - Har betydelse;VU;B2ab(i,ii,iii,iv,v)
220693;104570;Cerastium diffusum;västkustarv;Art;646;Havsstrand (H) - Stor betydelse;LC;
220696;104579;Cerastium glutinosum;klibbarv;Art;1874;Jordbrukslandskap (J) - Stor betydelse, Urban miljö (U) - Stor betydelse;LC;
220698;104584;Cerastium pumilum;alvararv;Art;2430;Jordbrukslandskap (J) - Stor betydelse;LC;
527;104612;Dianthus arenarius;sandnejlika;Art;3153;Jordbrukslandskap (J) - Stor betydelse, Urban miljö (U) - Har betydelse;VU;B2ab(i,ii,iii)
223945;104613;Dianthus arenarius subsp. arenarius;skånsk sandnejlika;Underart;79;Jordbrukslandskap (J) - Stor betydelse, Urban miljö (U) - Har betydelse;NE;
528;104615;Dianthus armeria;knippnejlika;Art;2363;Jordbrukslandskap (J) - Stor betydelse, Urban miljö (U) - Stor betydelse;VU;B2ab(i,iii,v)
220765;104622;Dianthus deltoides;backnejlika;Art;25173;Jordbrukslandskap (J) - Stor betydelse, Urban miljö (U) - Stor betydelse;LC;
529;104631;Dianthus superbus;praktnejlika;Art;1012;Jordbrukslandskap (J) - Stor betydelse, Skog (S) - Har betydelse, Urban miljö (U) - Har betydelse;EN;"A2ab; B2ab(i,ii,iii,v)"
220788;104642;Gypsophila fastigiata;såpört;Art;1771;Jordbrukslandskap (J) - Stor betydelse;LC;
220801;104662;Honckenya peploides;saltarv;Art;5848;Havsstrand (H) - Stor betydelse;LC;
873;104666;Illecebrum verticillatum;glimmerört;Art;206;Urban miljö (U) - Stor betydelse, Jordbrukslandskap (J) - Har betydelse;NA;
220811;104675;Lychnis flos-cuculi;gökblomster;Art;23535;Jordbrukslandskap (J) - Stor betydelse, Våtmark (V) - Stor betydelse, Sötvatten (L) - Har betydelse, Urban miljö (U) - Har betydelse;LC;
1062;104682;Moehringia lateriflora;ryssnarv;Art;139;Skog (S) - Stor betydelse;VU;B1ab(iii)+2ab(iii)
1186;104692;Petrorhagia prolifera;hylsnejlika;Art;2005;Jordbrukslandskap (J) - Stor betydelse, Urban miljö (U) - Har betydelse;LC;
220818;104699;Sabulina rubella;rödnörel;Art;210;Fjäll (F) - Stor betydelse;NT;"B2ab(ii,iii,v); D1"
1059;104705;Sabulina viscosa;sandnörel;Art;522;Jordbrukslandskap (J) - Stor betydelse, Urban miljö (U) - Har betydelse;CR;"B1ab(iv,v)+2ab(iv,v); C2a(i,ii); D"
1429;104707;Sagina apetala;fältnarv;Art;390;Jordbrukslandskap (J) - Stor betydelse, Urban miljö (U) - Har betydelse;VU;B2ab(i,iii,iv,v)
220900;104709;Sagina maritima;strandnarv;Art;1871;Havsstrand (H) - Stor betydelse;NT;A2b
220903;104713;Sagina nodosa;knutnarv;Art;7541;Havsstrand (H) - Stor betydelse, Jordbrukslandskap (J) - Stor betydelse, Urban miljö (U) - Har betydelse;LC;
220915;104730;Scleranthus perennis;vitknavel;Art;8220;Jordbrukslandskap (J) - Stor betydelse;LC;
1494;104745;Silene dichotoma;gaffelglim;Art;1348;Jordbrukslandskap (J) - Stor betydelse, Urban miljö (U) - Har betydelse;NA;
224043;104746;Silene dichotoma subsp. dichotoma;vanlig gaffelglim;Underart;36;Jordbrukslandskap (J) - Stor betydelse, Urban miljö (U) - Stor betydelse;NA;
231011;104758;Silene involucrata;polarblära;Art;335;Fjäll (F) - Stor betydelse, Skog (S) - Har betydelse, Urban miljö (U) - Har betydelse;NT;"B1a+2a; D2"
1496;104760;Silene involucrata subsp. tenella;polarblära;Underart;110;Fjäll (F) - Stor betydelse, Skog (S) - Har betydelse, Urban miljö (U) - Har betydelse;NE;
220931;104762;Silene latifolia;vitblära;Art;11825;Jordbrukslandskap (J) - Stor betydelse, Urban miljö (U) - Har betydelse;LC;
220941;104783;Silene uniflora;strandglim;Art;8212;Havsstrand (H) - Stor betydelse, Jordbrukslandskap (J) - Har betydelse;LC;
1938;104784;Silene uniflora subsp. petraea;alvarglim;Underart;1337;Jordbrukslandskap (J) - Stor betydelse;LC;
220943;104789;Silene viscosa;klibbglim;Art;1392;Havsstrand (H) - Stor betydelse;LC;
220946;104807;Spergula morisonii;vårspärgel;Art;8005;Jordbrukslandskap (J) - Stor betydelse, Skog (S) - Stor betydelse, Urban miljö (U) - Har betydelse;LC;
220949;104810;Spergularia marina;saltnarv;Art;5065;Havsstrand (H) - Stor betydelse;LC;
220947;104811;Spergularia media;havsnarv;Art;2047;Havsstrand (H) - Stor betydelse;LC;
220951;104817;Stellaria alsine;källarv;Art;11839;Våtmark (V) - Stor betydelse, Sötvatten (L) - Har betydelse;LC;
220952;104818;Stellaria borealis;norrlandsarv;Art;2629;Våtmark (V) - Stor betydelse, Jordbrukslandskap (J) - Har betydelse, Skog (S) - Har betydelse, Sötvatten (L) - Har betydelse;LC;
224069;104821;Stellaria crassifolia var. paludosa;kärrsumparv;Varietet;53;Våtmark (V) - Stor betydelse, Sötvatten (L) - Har betydelse;LC;
1529;104822;Stellaria fennica;finnstjärnblomma;Art;29;Havsstrand (H) - Stor betydelse, Skog (S) - Har betydelse, Våtmark (V) - Har betydelse;CR;B1ab(i,ii,iii,v)
220956;104825;Stellaria holostea;buskstjärnblomma;Art;7957;Skog (S) - Stor betydelse, Jordbrukslandskap (J) - Har betydelse, Urban miljö (U) - Har betydelse;LC;
1528;104828;Stellaria longipes;polarstjärnblomma;Art;139;Fjäll (F) - Stor betydelse;VU;D1+2
220961;104833;Stellaria nemorum;lundarv;Art;9945;Skog (S) - Stor betydelse;LC;
224074;104835;Stellaria nemorum subsp. nemorum;nordlundarv;Underart;3371;Skog (S) - Stor betydelse;LC;
220974;104847;Viscaria alpina;fjällnejlika;Art;4094;Fjäll (F) - Stor betydelse, Jordbrukslandskap (J) - Stor betydelse;LC;
220975;104851;Viscaria vulgaris;tjärblomster;Art;30257;Jordbrukslandskap (J) - Stor betydelse, Urban miljö (U) - Stor betydelse;LC;
220653;104901;Atriplex calotheca;flikmålla;Art;1101;Havsstrand (H) - Stor betydelse, Urban miljö (U) - Har betydelse;LC;
220655;104903;Atriplex glabriuscula;broskmålla;Art;954;Havsstrand (H) - Stor betydelse, Urban miljö (U) - Har betydelse;LC;
120;104905;Atriplex laciniata;sandmålla;Art;1213;Havsstrand (H) - Stor betydelse;VU°;D
220661;104910;Atriplex littoralis;strandmålla;Art;6361;Havsstrand (H) - Stor betydelse;LC;
223907;104912;Atriplex longipes subsp. longipes;skaftmålla;Underart;829;Havsstrand (H) - Stor betydelse;LC;
223909;104913;Atriplex longipes subsp. praecox;brådmålla;Underart;1659;Havsstrand (H) - Stor betydelse;LC;
220668;104919;Atriplex prostrata;spjutmålla;Art;11091;Havsstrand (H) - Stor betydelse, Urban miljö (U) - Har betydelse;LC;
220681;104952;Beta vulgaris;beta;Art;2789;Havsstrand (H) - Stor betydelse, Urban miljö (U) - Stor betydelse;NA;
337;104969;Chenopodiastrum murale;gatmålla;Art;839;Jordbrukslandskap (J) - Stor betydelse, Urban miljö (U) - Stor betydelse;CR;D
339;105004;Chenopodium vulvaria;stinkmålla;Art;945;Urban miljö (U) - Stor betydelse, Havsstrand (H) - Har betydelse, Jordbrukslandskap (J) - Har betydelse;EN;D
753;105031;Halimione pedunculata;saltmålla;Art;1755;Havsstrand (H) - Stor betydelse, Jordbrukslandskap (J) - Stor betydelse;VU;B2ab(ii,iii,iv,v)
754;105032;Halimione portulacoides;portlakmålla;Art;56;Havsstrand (H) - Stor betydelse;CR;D
220908;105052;Salicornia europaea;glasört;Art;2725;Havsstrand (H) - Stor betydelse;NT;"A3e; B2ab(ii,iii,iv,v)"
220909;105060;Salsola kali;sodaört;Art;2816;Havsstrand (H) - Stor betydelse;LC;
220966;105073;Suaeda maritima;saltört;Art;2267;Havsstrand (H) - Stor betydelse;NT;"A3e; B2ab(ii,iii,iv,v)"
1064;105117;Montia arvensis;vårkällört;Art;1597;Jordbrukslandskap (J) - Stor betydelse, Havsstrand (H) - Har betydelse, Sötvatten (L) - Har betydelse, Våtmark (V) - Har betydelse;LC;
220828;105118;Montia fontana;källört;Art;4804;Våtmark (V) - Stor betydelse, Havsstrand (H) - Har betydelse, Jordbrukslandskap (J) - Har betydelse, Sötvatten (L) - Har betydelse;LC;
220987;105194;Cornus suecica;hönsbär;Art;15749;Fjäll (F) - Stor betydelse, Havsstrand (H) - Stor betydelse, Skog (S) - Stor betydelse;LC;
221101;105203;Impatiens noli-tangere;springkorn;Art;7552;Skog (S) - Stor betydelse;LC;
221076;105246;Androsace septentrionalis;grusviva;Art;3523;Jordbrukslandskap (J) - Stor betydelse, Urban miljö (U) - Har betydelse;LC;
221154;105261;Lysimachia europaea;skogsstjärna;Art;60168;Skog (S) - Stor betydelse;LC;
222844;105263;Lysimachia maritima;strandkrypa;Art;10375;Havsstrand (H) - Stor betydelse;LC;
50;105264;Lysimachia minima;knutört;Art;2646;Havsstrand (H) - Stor betydelse, Jordbrukslandskap (J) - Stor betydelse, Urban miljö (U) - Har betydelse;VU;B2ab(i,ii,iii,iv,v)
1012;105266;Lysimachia nemorum;skogslysing;Art;742;Skog (S) - Stor betydelse;NT;B2a
221137;105282;Primula farinosa;majviva;Art;13537;Jordbrukslandskap (J) - Stor betydelse, Våtmark (V) - Stor betydelse, Havsstrand (H) - Har betydelse, Urban miljö (U) - Har betydelse;NT;A2bc
1295;105285;Primula nutans;strandviva;Art;960;Havsstrand (H) - Stor betydelse;LC;
1296;105291;Primula scandinavica;fjällviva;Art;987;Fjäll (F) - Stor betydelse;VU;B2ab(ii,iii,v)
221141;105296;Primula veris;gullviva;Art;50423;Jordbrukslandskap (J) - Stor betydelse, Skog (S) - Har betydelse;LC;
221152;105304;Samolus valerandi;bunge;Art;2026;Havsstrand (H) - Stor betydelse, Brackvatten (B) - Har betydelse;LC;
221078;105334;Arctostaphylos uva-ursi;mjölon;Art;13317;Jordbrukslandskap (J) - Stor betydelse, Skog (S) - Stor betydelse;LC;
221615;105338;Calluna vulgaris;ljung;Art;82492;Jordbrukslandskap (J) - Stor betydelse;LC;
340;105345;Chimaphila umbellata;ryl;Art;10815;Skog (S) - Stor betydelse;EN;A2abc
224096;105350;Empetrum nigrum subsp. hermaphroditum;nordkråkbär;Underart;13010;Fjäll (F) - Stor betydelse, Havsstrand (H) - Stor betydelse, Våtmark (V) - Stor betydelse;LC;
221092;105357;Erica tetralix;klockljung;Art;13342;Jordbrukslandskap (J) - Stor betydelse;LC;
219649;105362;Harrimanella hypnoides;mossljung;Art;1959;Fjäll (F) - Stor betydelse;LC;
220247;105365;Kalmia procumbens;krypljung;Art;2800;Fjäll (F) - Stor betydelse;LC;
221725;105369;Moneses uniflora;ögonpyrola;Art;14590;Skog (S) - Stor betydelse;LC;
220827;105373;Monotropa hypopitys agg.;tallört (aggregat);Artkomplex;16837;Skog (S) - Stor betydelse;LC;
221144;105384;Pyrola chlorantha;grönpyrola;Art;17200;Skog (S) - Stor betydelse;LC;
221145;105386;Pyrola media;klockpyrola;Art;6414;Skog (S) - Stor betydelse;LC;
221150;105402;Rhododendron lapponicum;lapsk alpros;Art;1091;Fjäll (F) - Stor betydelse;LC;
221157;105416;Vaccinium myrtillus;blåbär;Art;124814;Fjäll (F) - Stor betydelse, Skog (S) - Stor betydelse;LC;
221409;105445;Asperula tinctoria;färgmåra;Art;5733;Jordbrukslandskap (J) - Stor betydelse;LC;
221423;105467;Galium odoratum;myskmadra;Art;10430;Skog (S) - Stor betydelse;LC;
221424;105468;Galium oelandicum;ölandsmåra;Art;802;Jordbrukslandskap (J) - Stor betydelse;LC;
221430;105480;Galium saxatile;stenmåra;Art;7441;Jordbrukslandskap (J) - Stor betydelse;LC;
673;105486;Galium suecicum;backmåra;Art;2008;Jordbrukslandskap (J) - Stor betydelse, Urban miljö (U) - Stor betydelse;NT;"A2bc; B2ab(ii,iii,v)"
674;105494;Galium triflorum;myskmåra;Art;1815;Skog (S) - Stor betydelse;NT;B2ab(iii,v)
221437;105495;Galium uliginosum;sumpmåra;Art;24538;Våtmark (V) - Stor betydelse, Jordbrukslandskap (J) - Har betydelse, Sötvatten (L) - Har betydelse;LC;
288;105519;Centaurium erythraea;bredarun;Art;3969;Jordbrukslandskap (J) - Stor betydelse, Urban miljö (U) - Stor betydelse, Havsstrand (H) - Har betydelse;NT;B2ab(i,ii,iii,iv,v)
287;105520;Centaurium erythraea var. capitatum;huvudarun;Varietet;188;Jordbrukslandskap (J) - Stor betydelse, Urban miljö (U) - Stor betydelse, Havsstrand (H) - Har betydelse;EN;D
224190;105521;Centaurium erythraea var. erythraea;flockarun;Varietet;2256;Jordbrukslandskap (J) - Stor betydelse, Urban miljö (U) - Stor betydelse;NT;B2ab(i,ii,iii,iv,v)
221411;105522;Centaurium littorale;smalarun;Art;8138;Havsstrand (H) - Stor betydelse;LC;
221412;105525;Centaurium pulchellum;dvärgarun;Art;3952;Havsstrand (H) - Stor betydelse;LC;
221448;105530;Comastoma tenellum;lappgentiana;Art;591;Fjäll (F) - Stor betydelse, Jordbrukslandskap (J) - Har betydelse;LC;
221441;105535;Gentiana nivalis;fjällgentiana;Art;2356;Fjäll (F) - Stor betydelse, Jordbrukslandskap (J) - Har betydelse;LC;
1885;105536;Gentiana pneumonanthe;klockgentiana;Art;9073;Jordbrukslandskap (J) - Stor betydelse, Våtmark (V) - Stor betydelse;EN;A2bc
694;105537;Gentiana purpurea;baggsöta;Art;87;Fjäll (F) - Stor betydelse, Våtmark (V) - Stor betydelse;CR;D
695;105540;Gentianella amarella;smalgentiana;Art;6014;Jordbrukslandskap (J) - Stor betydelse, Urban miljö (U) - Stor betydelse;LC;
696;105545;Gentianella aurea;blekgentiana;Art;258;Fjäll (F) - Stor betydelse, Urban miljö (U) - Har betydelse;VU;D1+2
264685;105546;Gentianella campestris;bredgentiana;Art;24960;Jordbrukslandskap (J) - Stor betydelse, Urban miljö (U) - Har betydelse;EN;A2ab
221447;105548;Gentianella campestris subsp. campestris;fältgentiana;Underart;21129;Jordbrukslandskap (J) - Stor betydelse, Urban miljö (U) - Har betydelse;EN;A2abc
699;105550;Gentianella campestris var. islandica;sätergentiana;Varietet;503;Urban miljö (U) - Stor betydelse, Jordbrukslandskap (J) - Har betydelse;NE;
221449;105552;Gentianella uliginosa;sumpgentiana;Art;3185;Havsstrand (H) - Stor betydelse, Våtmark (V) - Stor betydelse, Jordbrukslandskap (J) - Har betydelse, Sötvatten (L) - Har betydelse;LC;
221457;105583;Vincetoxicum hirundinaria;tulkört;Art;10217;Jordbrukslandskap (J) - Stor betydelse, Skog (S) - Stor betydelse;LC;
221518;105645;Cynoglossum officinale;hundtunga;Art;5390;Havsstrand (H) - Stor betydelse, Jordbrukslandskap (J) - Stor betydelse, Urban miljö (U) - Har betydelse;LC;
1889;105668;Lappula deflexa;stickelfrö;Art;940;Skog (S) - Stor betydelse;NT;B2a
914;105670;Lappula squarrosa;piggfrö;Art;1955;Jordbrukslandskap (J) - Stor betydelse, Urban miljö (U) - Stor betydelse;EN;B2ab(i,ii,iii,iv,v)
1039;105674;Mertensia maritima;ostronört;Art;971;Havsstrand (H) - Stor betydelse;CR;C2a(i)
266165;105675;Mertensia maritima subsp. maritima;atlantisk ostronört;Underart;0;Havsstrand (H) - Stor betydelse;NE;
1330;105727;Pulmonaria angustifolia;smalbladig lungört;Art;2541;Jordbrukslandskap (J) - Stor betydelse;EN;B2ab(i,ii,iii,v)
221570;105730;Pulmonaria obscura;mörk lungört;Art;9893;Skog (S) - Stor betydelse, Jordbrukslandskap (J) - Har betydelse, Urban miljö (U) - Har betydelse;LC;
221611;105999;Callitriche hermaphroditica;höstlånke;Art;9641;Brackvatten (B) - Stor betydelse, Sötvatten (L) - Stor betydelse;LC;
221612;106003;Callitriche palustris;smålånke;Art;5924;Sötvatten (L) - Stor betydelse, Brackvatten (B) - Har betydelse, Våtmark (V) - Har betydelse;LC;
221659;106037;Globularia vulgaris;bergsskrabba;Art;3734;Jordbrukslandskap (J) - Stor betydelse;LC;
777;106045;Hippuris tetraphylla;ishavshästsvans;Art;272;Brackvatten (B) - Stor betydelse, Havsstrand (H) - Stor betydelse;CR;B1ab(ii,iii,v)+2ab(ii,iii,v)
221949;106046;Hippuris vulgaris;hästsvans;Art;10461;Sötvatten (L) - Stor betydelse, Brackvatten (B) - Har betydelse, Havsstrand (H) - Har betydelse, Våtmark (V) - Har betydelse;LC;
902;106052;Kickxia elatine;spjutsporre;Art;1092;Jordbrukslandskap (J) - Stor betydelse, Urban miljö (U) - Har betydelse;EN;B2ab(i,ii,iii,iv,v)
224261;106053;Kickxia elatine subsp. elatine;äkta spjutsporre;Underart;27;Jordbrukslandskap (J) - Stor betydelse, Urban miljö (U) - Har betydelse;NE;
1060;106097;Misopates orontium;kalvnos;Art;1102;Jordbrukslandskap (J) - Stor betydelse, Urban miljö (U) - Stor betydelse;NT;B2a
221771;106111;Plantago coronopus;strandkämpar;Art;1946;Havsstrand (H) - Stor betydelse;LC;
221774;106117;Plantago lanceolata;svartkämpar;Art;43820;Jordbrukslandskap (J) - Stor betydelse;LC;
224300;106122;Plantago major subsp. intermedia;åkergroblad;Underart;3982;Havsstrand (H) - Stor betydelse, Jordbrukslandskap (J) - Stor betydelse, Urban miljö (U) - Stor betydelse;NE;
221777;106125;Plantago maritima;gulkämpar;Art;15311;Havsstrand (H) - Stor betydelse, Urban miljö (U) - Har betydelse;LC;
221778;106129;Plantago media;rödkämpar;Art;16943;Jordbrukslandskap (J) - Stor betydelse;LC;
1901;106133;Plantago tenuiflora;dvärgkämpar;Art;1025;Jordbrukslandskap (J) - Stor betydelse;NT;B1ab(iv)+2ab(iv)
221782;106134;Plantago uniflora;strandpryl;Art;7430;Sötvatten (L) - Stor betydelse, Havsstrand (H) - Har betydelse, Våtmark (V) - Har betydelse;LC;
221878;106142;Veronica alpina;fjällveronika;Art;2506;Fjäll (F) - Stor betydelse;LC;
1653;106155;Veronica catenata;dikesveronika;Art;2295;Sötvatten (L) - Stor betydelse, Våtmark (V) - Stor betydelse, Jordbrukslandskap (J) - Har betydelse;LC;
221890;106162;Veronica fruticans;klippveronika;Art;846;Fjäll (F) - Stor betydelse;LC;
1654;106170;Veronica montana;skogsveronika;Art;1321;Skog (S) - Stor betydelse;NT;"A2b; B2ab(ii,iii,v)"
221903;106188;Veronica spicata;axveronika;Art;11600;Jordbrukslandskap (J) - Stor betydelse;NT;A2b
220808;106215;Limosella aquatica;ävjebrodd;Art;3616;Havsstrand (H) - Stor betydelse, Sötvatten (L) - Stor betydelse, Våtmark (V) - Stor betydelse, Brackvatten (B) - Har betydelse, Jordbrukslandskap (J) - Har betydelse;LC;
1651;106244;Verbascum densiflorum;ölandskungsljus;Art;922;Urban miljö (U) - Stor betydelse, Jordbrukslandskap (J) - Har betydelse;EN;"B2ab(iii,v); C2a(i)"
1652;106246;Verbascum lychnitis;grenigt kungsljus;Art;2307;Jordbrukslandskap (J) - Stor betydelse, Urban miljö (U) - Stor betydelse;VU;B2ab(ii,iii,v)
221766;106337;Pinguicula villosa;dvärgtätört;Art;2098;Våtmark (V) - Stor betydelse, Fjäll (F) - Har betydelse;LC;
221767;106338;Pinguicula vulgaris;tätört;Art;22772;Fjäll (F) - Stor betydelse, Våtmark (V) - Stor betydelse, Urban miljö (U) - Har betydelse;LC;
221852;106345;Utricularia intermedia;dybläddra;Art;13677;Sötvatten (L) - Stor betydelse, Våtmark (V) - Stor betydelse;LC;
221853;106346;Utricularia minor;dvärgbläddra;Art;7344;Sötvatten (L) - Stor betydelse, Våtmark (V) - Har betydelse;LC;
221856;106350;Utricularia vulgaris;vattenbläddra;Art;7436;Sötvatten (L) - Stor betydelse, Våtmark (V) - Har betydelse;LC;
17;106382;Ajuga genevensis;kritsuga;Art;442;Urban miljö (U) - Stor betydelse, Jordbrukslandskap (J) - Har betydelse;CR;B1ab(i,iii,v)+2ab(i,iii,v)
221597;106383;Ajuga pyramidalis;blåsuga;Art;36217;Jordbrukslandskap (J) - Stor betydelse, Fjäll (F) - Har betydelse, Skog (S) - Har betydelse;LC;
1524;106396;Betonica officinalis;humlesuga;Art;799;Jordbrukslandskap (J) - Stor betydelse, Skog (S) - Stor betydelse, Urban miljö (U) - Har betydelse;EN;B1ab(i,ii,iii,v)+2ab(i,ii,iii,v)
221802;106400;Clinopodium acinos;harmynta;Art;10856;Jordbrukslandskap (J) - Stor betydelse;LC;
564;106413;Dracocephalum ruyschiana;drakblomma;Art;1410;Jordbrukslandskap (J) - Stor betydelse;EN;B2ab(i,ii,iii,v)
565;106414;Dracocephalum thymiflorum;rysk drakblomma;Art;538;Jordbrukslandskap (J) - Stor betydelse, Urban miljö (U) - Har betydelse;EN;B1ab(i,ii,iii,iv,v)+2ab(i,ii,iii,iv,v)
669;106418;Galeopsis angustifolia;kalkdån;Art;706;Jordbrukslandskap (J) - Stor betydelse, Urban miljö (U) - Har betydelse;VU;B2ab(i,ii,iii,iv,v)
221646;106419;Galeopsis bifida;toppdån;Art;22648;Jordbrukslandskap (J) - Stor betydelse, Urban miljö (U) - Stor betydelse;LC;
221671;106441;Lamiastrum galeobdolon;gulplister;Art;7190;Skog (S) - Stor betydelse, Urban miljö (U) - Stor betydelse, Jordbrukslandskap (J) - Har betydelse;LC;
1019;106513;Marrubium vulgare;kransborre;Art;1393;Jordbrukslandskap (J) - Stor betydelse, Urban miljö (U) - Har betydelse;EN;"B2ab(ii,iii,v); C2a(i)"
1082;106523;Nepeta cataria;kattmynta;Art;1970;Jordbrukslandskap (J) - Stor betydelse, Urban miljö (U) - Har betydelse;EN;"B2ab(i,ii,iii,v); C2a(i)"
1432;106582;Salvia pratensis;ängssalvia;Art;719;Jordbrukslandskap (J) - Stor betydelse, Urban miljö (U) - Har betydelse;VU;"C1; D1"
221820;106599;Scutellaria hastifolia;toppfrossört;Art;2418;Havsstrand (H) - Stor betydelse, Jordbrukslandskap (J) - Har betydelse;LC;
1473;106600;Scutellaria minor;småfrossört;Art;248;Jordbrukslandskap (J) - Stor betydelse, Havsstrand (H) - Har betydelse, Våtmark (V) - Har betydelse;EN;B1ab(iii)
221844;106628;Teucrium scordium;lökgamander;Art;2487;Jordbrukslandskap (J) - Stor betydelse, Våtmark (V) - Stor betydelse;LC;
1562;106639;Thymus pulegioides;stortimjan;Art;4593;Jordbrukslandskap (J) - Stor betydelse, Urban miljö (U) - Har betydelse;VU;A2b
221849;106642;Thymus serpyllum;backtimjan;Art;27248;Jordbrukslandskap (J) - Stor betydelse, Skog (S) - Har betydelse, Urban miljö (U) - Har betydelse;NT;A4abc
220434;106674;Bartsia alpina;svarthö;Art;6032;Fjäll (F) - Stor betydelse, Våtmark (V) - Stor betydelse;LC;
221973;106686;Euphrasia bottnica;strandögontröst;Art;897;Havsstrand (H) - Stor betydelse;LC;
626;106692;Euphrasia micrantha;ljungögontröst;Art;5282;Jordbrukslandskap (J) - Stor betydelse, Urban miljö (U) - Stor betydelse;VU;"A2b; B2ab(ii,iii,iv,v)"
221637;106693;Euphrasia nemorosa;grå ögontröst;Art;12074;Jordbrukslandskap (J) - Stor betydelse, Urban miljö (U) - Stor betydelse;LC;
221638;106694;Euphrasia officinalis;läkeögontröst;Art;4923;Jordbrukslandskap (J) - Stor betydelse, Våtmark (V) - Stor betydelse, Urban miljö (U) - Har betydelse;EN;B2ab(i,ii,iii,iv,v)
627;106696;Euphrasia officinalis subsp. officinalis;finnögontröst;Underart;3387;Jordbrukslandskap (J) - Stor betydelse, Urban miljö (U) - Har betydelse;EN;B2ab(i,ii,iii,iv,v)
629;106697;Euphrasia officinalis subsp. pratensis;stor ögontröst;Underart;1067;Jordbrukslandskap (J) - Stor betydelse, Våtmark (V) - Stor betydelse;EN;B2ab(i,ii,iii,iv,v)
221639;106700;Euphrasia salisburgensis;spjutögontröst;Art;1160;Fjäll (F) - Stor betydelse, Våtmark (V) - Stor betydelse, Jordbrukslandskap (J) - Har betydelse;LC;
630;106702;Euphrasia salisburgensis subsp. schoenicola;brun ögontröst;Underart;517;Våtmark (V) - Stor betydelse;NT;B1a+2a
221641;106704;Euphrasia stricta;lila ögontröst;Art;30487;Jordbrukslandskap (J) - Stor betydelse, Urban miljö (U) - Stor betydelse;LC;
224257;106707;Euphrasia stricta var. stricta;uddögontröst;Varietet;1503;Jordbrukslandskap (J) - Stor betydelse, Urban miljö (U) - Stor betydelse;LC;
632;106708;Euphrasia stricta var. suecica;svensk ögontröst;Varietet;788;Jordbrukslandskap (J) - Stor betydelse;EN;B1ab(ii,iii,iv,v)+2ab(ii,iii,iv,v)
224259;106709;Euphrasia stricta var. tenuis;späd ögontröst;Varietet;4654;Jordbrukslandskap (J) - Stor betydelse, Urban miljö (U) - Stor betydelse;LC;
221634;106711;Euphrasia wettsteinii;fjällögontröst;Art;6223;Fjäll (F) - Stor betydelse, Havsstrand (H) - Stor betydelse, Våtmark (V) - Stor betydelse;LC;
224239;106712;Euphrasia wettsteinii var. botniensium;klapperögontröst;Varietet;1322;Havsstrand (H) - Stor betydelse;NE;
224241;106714;Euphrasia wettsteinii var. wettsteinii;vanlig fjällögontröst;Varietet;1799;Fjäll (F) - Stor betydelse;NE;
219686;106731;Lathraea squamaria;vätteros;Art;11392;Skog (S) - Stor betydelse;LC;
1897;106734;Melampyrum cristatum;korskovall;Art;7919;Jordbrukslandskap (J) - Stor betydelse, Urban miljö (U) - Har betydelse;NT;A2b
221705;106736;Melampyrum pratense;ängskovall;Art;60454;Jordbrukslandskap (J) - Stor betydelse, Skog (S) - Stor betydelse, Fjäll (F) - Har betydelse, Urban miljö (U) - Har betydelse;LC;
221734;106742;Odontites litoralis;strandrödtoppa;Art;2737;Havsstrand (H) - Stor betydelse;LC;
1124;106751;Orobanche alba;timjansnyltrot;Art;979;Jordbrukslandskap (J) - Stor betydelse;NT;B2ab(iii,v)
1125;106757;Orobanche elatior;klintsnyltrot;Art;1187;Jordbrukslandskap (J) - Stor betydelse;EN;B2ab(i,ii,iii,iv,v)c(iv)
1126;106762;Orobanche minor;klöversnyltrot;Art;117;Jordbrukslandskap (J) - Stor betydelse;NA;
1128;106764;Orobanche purpurea;röllikesnyltrot;Art;0;Jordbrukslandskap (J) - Stor betydelse, Urban miljö (U) - Stor betydelse;CR;"C2a(i); D"
1129;106766;Orobanche reticulata;tistelsnyltrot;Art;953;Skog (S) - Stor betydelse, Jordbrukslandskap (J) - Har betydelse, Urban miljö (U) - Har betydelse, Våtmark (V) - Har betydelse;EN;B2ab(iii,iv,v)
221759;106777;Pedicularis palustris;kärrspira;Art;25482;Våtmark (V) - Stor betydelse, Havsstrand (H) - Har betydelse, Jordbrukslandskap (J) - Har betydelse;LC;
221760;106781;Pedicularis sceptrum-carolinum;kung Karls spira;Art;4774;Fjäll (F) - Stor betydelse, Våtmark (V) - Stor betydelse, Sötvatten (L) - Har betydelse, Urban miljö (U) - Har betydelse;LC;
1174;106782;Pedicularis sylvatica;granspira;Art;9637;Jordbrukslandskap (J) - Stor betydelse, Skog (S) - Har betydelse, Våtmark (V) - Har betydelse;NT;"A2bc; B2ab(ii,iii,v)"
221788;106787;Rhinanthus angustifolius;höskallra;Art;11382;Havsstrand (H) - Stor betydelse, Jordbrukslandskap (J) - Stor betydelse, Urban miljö (U) - Har betydelse;LC;
221787;106792;Rhinanthus minor;ängsskallra;Art;30332;Jordbrukslandskap (J) - Stor betydelse, Urban miljö (U) - Har betydelse;LC;
249008;106797;Rhinanthus osiliensis;öselskallra;Art;231;Våtmark (V) - Stor betydelse, Jordbrukslandskap (J) - Har betydelse;NT;"B1a+2a; D2"
220015;106836;Campanula latifolia;hässleklocka;Art;7292;Skog (S) - Stor betydelse, Jordbrukslandskap (J) - Har betydelse, Urban miljö (U) - Har betydelse;LC;
220018;106843;Campanula persicifolia;stor blåklocka;Art;36455;Jordbrukslandskap (J) - Stor betydelse;LC;
220023;106853;Campanula rotundifolia;liten blåklocka;Art;60162;Fjäll (F) - Stor betydelse, Jordbrukslandskap (J) - Stor betydelse;LC;
223444;106867;Jasione montana;blåmunkar;Art;14012;Jordbrukslandskap (J) - Stor betydelse, Skog (S) - Har betydelse;LC;
221539;106876;Lobelia dortmanna;notblomster;Art;9997;Sötvatten (L) - Stor betydelse;LC;
221717;106899;Menyanthes trifoliata;vattenklöver;Art;52315;Sötvatten (L) - Stor betydelse, Våtmark (V) - Stor betydelse;LC;
222019;106976;Antennaria alpina subsp. alpina;fjällkattfot;Underart;227;Fjäll (F) - Stor betydelse;LC;
219933;106979;Antennaria dioica;kattfot;Art;37196;Fjäll (F) - Stor betydelse, Jordbrukslandskap (J) - Stor betydelse, Urban miljö (U) - Stor betydelse;LC;
219935;106983;Antennaria villifera;lappkattfot;Art;494;Fjäll (F) - Stor betydelse;LC;
60;106989;Anthemis cotula;kamomillkulla;Art;890;Jordbrukslandskap (J) - Stor betydelse, Urban miljö (U) - Har betydelse;EN;"A2b; B1ab(ii,iii,iv,v)+2ab(ii,iii,iv,v)"
219955;107023;Arnica montana;slåttergubbe;Art;33788;Jordbrukslandskap (J) - Stor betydelse, Urban miljö (U) - Har betydelse;VU;A2bc+4bc
90;107034;Artemisia campestris subsp. bottnica;bottnisk malört;Underart;789;Havsstrand (H) - Stor betydelse, Urban miljö (U) - Har betydelse;LC;
223774;107043;Artemisia maritima subsp. humifusa;baltisk strandmalört;Underart;659;Havsstrand (H) - Stor betydelse;LC;
91;107047;Artemisia oelandica;alvarmalört;Art;2753;Jordbrukslandskap (J) - Stor betydelse;LC;
1862;107049;Artemisia rupestris;stenmalört;Art;2345;Jordbrukslandskap (J) - Stor betydelse;LC;
219995;107080;Bidens cernua;nickskära;Art;4330;Våtmark (V) - Stor betydelse, Jordbrukslandskap (J) - Har betydelse, Sötvatten (L) - Har betydelse;LC;
220038;107125;Carlina vulgaris;spåtistel;Art;14127;Jordbrukslandskap (J) - Stor betydelse;LC;
286;107177;Centaurea phrygia subsp. phrygia;finnklint;Underart;365;Jordbrukslandskap (J) - Stor betydelse, Urban miljö (U) - Stor betydelse;EN;B2ab(ii,iii,v)
220079;107231;Cirsium acaule;jordtistel;Art;10696;Jordbrukslandskap (J) - Stor betydelse, Havsstrand (H) - Har betydelse, Urban miljö (U) - Har betydelse;NT;A2bc
220083;107239;Cirsium heterophyllum;brudborste;Art;35054;Fjäll (F) - Stor betydelse, Jordbrukslandskap (J) - Stor betydelse, Våtmark (V) - Stor betydelse;LC;
220084;107240;Cirsium oleraceum;kåltistel;Art;3751;Jordbrukslandskap (J) - Stor betydelse, Våtmark (V) - Stor betydelse, Urban miljö (U) - Har betydelse;LC;
220102;107309;Crepis paludosa;kärrfibbla;Art;22100;Jordbrukslandskap (J) - Stor betydelse, Skog (S) - Stor betydelse, Våtmark (V) - Stor betydelse;LC;
220103;107310;Crepis praemorsa;klasefibbla;Art;10247;Jordbrukslandskap (J) - Stor betydelse;NT;A2bc+4abc
223698;107319;Crepis tectorum subsp. pumila;alvarklofibbla;Underart;789;Jordbrukslandskap (J) - Stor betydelse;LC;
220127;107384;Erigeron borealis;rosenbinka;Art;967;Fjäll (F) - Stor betydelse;LC;
221530;107403;Eupatorium cannabinum;hampflockel;Art;6755;Havsstrand (H) - Stor betydelse, Våtmark (V) - Stor betydelse, Jordbrukslandskap (J) - Har betydelse, Sötvatten (L) - Har betydelse;LC;
648;107425;Filago vulgaris;klotullört;Art;1330;Jordbrukslandskap (J) - Stor betydelse, Urban miljö (U) - Stor betydelse;LC;
221202;107450;Gnaphalium norvegicum;norsknoppa;Art;3611;Fjäll (F) - Stor betydelse, Skog (S) - Har betydelse;LC;
762;107501;Helichrysum arenarium;hedblomster;Art;6044;Jordbrukslandskap (J) - Stor betydelse, Urban miljö (U) - Har betydelse;VU;A2b
222024;107773;Hieracium umbellatum;flockfibbla;Art;31589;Jordbrukslandskap (J) - Stor betydelse;LC;
220204;108909;Hypochaeris maculata;slåtterfibbla;Art;20898;Jordbrukslandskap (J) - Stor betydelse, Skog (S) - Har betydelse;NT;A2b
1487;108925;Jacobaea erucifolia;flikstånds;Art;542;Jordbrukslandskap (J) - Stor betydelse, Urban miljö (U) - Stor betydelse;EN;"B1ab(i,ii,iii,v)+2ab(i,ii,iii,v); C2a(ii)"
1489;108931;Jacobaea vulgaris subsp. gotlandica;alvarstånds;Underart;2370;Jordbrukslandskap (J) - Stor betydelse, Skog (S) - Har betydelse;LC;
221184;108938;Lactuca alpina;torta;Art;12807;Fjäll (F) - Stor betydelse, Skog (S) - Stor betydelse;LC;
220563;108941;Lactuca muralis;skogssallat;Art;31868;Skog (S) - Stor betydelse;LC;
911;108943;Lactuca quercina;karlsösallat;Art;261;Jordbrukslandskap (J) - Stor betydelse, Skog (S) - Har betydelse;EN;B1ab(v)
220255;108950;Lactuca tatarica;sandsallat;Art;692;Havsstrand (H) - Stor betydelse;NA;
220228;108961;Leontodon hispidus;sommarfibbla;Art;10693;Jordbrukslandskap (J) - Stor betydelse, Urban miljö (U) - Har betydelse;NT;A2bc+4abc
941;108962;Leontodon saxatilis;strimfibbla;Art;336;Urban miljö (U) - Stor betydelse, Jordbrukslandskap (J) - Har betydelse;NA;
220235;108977;Leucanthemum vulgare;prästkrage;Art;67792;Jordbrukslandskap (J) - Stor betydelse, Urban miljö (U) - Stor betydelse;LC;
221104;109026;Pentanema britannica;luddkrissla;Art;2555;Jordbrukslandskap (J) - Stor betydelse, Havsstrand (H) - Har betydelse, Våtmark (V) - Har betydelse;LC;
886;109028;Pentanema ensifolium;svärdkrissla;Art;1038;Jordbrukslandskap (J) - Stor betydelse;NT;B1ab(iii,v)+2ab(iii,v)
220263;109038;Petasites frigidus;fjällskråp;Art;3569;Fjäll (F) - Stor betydelse, Våtmark (V) - Stor betydelse;LC;
220266;109042;Petasites spurius;spjutskråp;Art;943;Havsstrand (H) - Stor betydelse, Jordbrukslandskap (J) - Har betydelse;LC;
223747;109062;Pilosella cymosa subsp. gottlandica;vätfibbla;Underart;1093;Jordbrukslandskap (J) - Stor betydelse;LC;
223750;109065;Pilosella cymosa subsp. praealta;blåfibbla;Underart;712;Jordbrukslandskap (J) - Stor betydelse, Urban miljö (U) - Har betydelse;LC;
220278;109073;Pilosella lactucella;revfibbla;Art;14611;Jordbrukslandskap (J) - Stor betydelse, Urban miljö (U) - Har betydelse;LC;
220294;109164;Saussurea alpina;fjällskära;Art;9537;Fjäll (F) - Stor betydelse, Jordbrukslandskap (J) - Stor betydelse, Skog (S) - Har betydelse;LC;
220299;109173;Scorzonera humilis;svinrot;Art;40346;Jordbrukslandskap (J) - Stor betydelse, Skog (S) - Har betydelse, Urban miljö (U) - Har betydelse, Våtmark (V) - Har betydelse;NT;A2b
220320;109213;Serratula tinctoria;ängsskära;Art;9222;Jordbrukslandskap (J) - Stor betydelse, Skog (S) - Har betydelse;NT;A2bc+4abc
220370;109453;Taraxacum sect. Erythrosperma;sandmaskrosor;Sektion (botanik);33240;;;
220373;109562;Taraxacum sect. Obliqua;dvärgmaskrosor;Sektion (botanik);2685;;;
220374;109565;Taraxacum sect. Palustria;strandmaskrosor;Sektion (botanik);12425;;;
1734;109567;Taraxacum austrinum;sydmaskros;Art;64;Jordbrukslandskap (J) - Stor betydelse, Våtmark (V) - Stor betydelse;EN;D
1751;109571;Taraxacum crocinum;saffransmaskros;Art;724;Havsstrand (H) - Stor betydelse, Jordbrukslandskap (J) - Stor betydelse, Våtmark (V) - Stor betydelse;LC;
1545;109572;Taraxacum crocodes;jämtlandsmaskros;Art;2108;Våtmark (V) - Stor betydelse, Jordbrukslandskap (J) - Har betydelse;NT;B2ab(ii,iii,iv,v)
1724;109988;Tephroseris integrifolia;fältnocka;Art;546;Jordbrukslandskap (J) - Stor betydelse;EN;"B1ab(i,ii,iii,v)+2ab(i,ii,iii,v); C2a(i); D"
1723;109991;Tephroseris palustris;kärrnocka;Art;428;Våtmark (V) - Stor betydelse, Jordbrukslandskap (J) - Har betydelse, Sötvatten (L) - Har betydelse;CR;"C2a(i,ii); D"
1575;110003;Tragopogon crocifolius;gotländsk haverrot;Art;574;Jordbrukslandskap (J) - Stor betydelse, Urban miljö (U) - Stor betydelse;VU;B1ab(iii,v)+2ab(iii,v)
1576;110004;Tragopogon dubius;stor haverrot;Art;189;Jordbrukslandskap (J) - Stor betydelse, Urban miljö (U) - Stor betydelse;NA;
220393;110022;Tripleurospermum maritimum;bårdbaldersbrå;Art;7888;Havsstrand (H) - Stor betydelse, Fjäll (F) - Har betydelse, Urban miljö (U) - Har betydelse;LC;
220395;110033;Tripolium pannonicum subsp. tripolium;strandaster;Underart;503;Havsstrand (H) - Stor betydelse;NE;
220240;110128;Linnaea borealis;linnea;Art;43162;Skog (S) - Stor betydelse;LC;
221037;110154;Lonicera periclymenum;vildkaprifol;Art;12324;Jordbrukslandskap (J) - Stor betydelse, Skog (S) - Stor betydelse;LC;
221044;110170;Scabiosa columbaria;fältvädd;Art;4105;Jordbrukslandskap (J) - Stor betydelse;LC;
221046;110173;Succisa pratensis;ängsvädd;Art;58717;Jordbrukslandskap (J) - Stor betydelse;LC;
221050;110185;Valeriana officinalis;läkevänderot;Art;11105;Jordbrukslandskap (J) - Stor betydelse, Våtmark (V) - Stor betydelse;LC;
221051;110189;Valeriana sambucifolia;flädervänderot;Art;30153;Fjäll (F) - Stor betydelse, Jordbrukslandskap (J) - Stor betydelse, Skog (S) - Stor betydelse, Våtmark (V) - Stor betydelse, Havsstrand (H) - Har betydelse;LC;
219677;110230;Hedera helix;murgröna;Art;12994;Skog (S) - Stor betydelse, Jordbrukslandskap (J) - Har betydelse;LC;
219568;110240;Hydrocotyle vulgaris;spikblad;Art;7392;Våtmark (V) - Stor betydelse, Jordbrukslandskap (J) - Har betydelse, Sötvatten (L) - Har betydelse;LC;
223542;110261;Angelica archangelica subsp. archangelica;fjällkvanne;Underart;1855;Fjäll (F) - Stor betydelse;LC;
223543;110262;Angelica archangelica subsp. littoralis;strandkvanne;Underart;4344;Havsstrand (H) - Stor betydelse;LC;
624;110354;Eryngium maritimum;martorn;Art;3698;Havsstrand (H) - Stor betydelse;VU;C1
79;110364;Helosciadium inundatum;krypfloka;Art;2154;Jordbrukslandskap (J) - Stor betydelse, Sötvatten (L) - Stor betydelse, Våtmark (V) - Har betydelse;VU;"A2b; B2ab(ii,iii,iv,v)"
220239;110391;Ligusticum scothicum;strandloka;Art;2055;Havsstrand (H) - Stor betydelse;LC;
1098;110405;Oenanthe fistulosa;pipstäkra;Art;925;Jordbrukslandskap (J) - Stor betydelse, Sötvatten (L) - Stor betydelse, Våtmark (V) - Stor betydelse;EN;"A2b; B2ab(iii,v)"
1099;110408;Oenanthe lachenalii;smalstäkra;Art;333;Havsstrand (H) - Stor betydelse, Brackvatten (B) - Har betydelse;VU;D2
219706;110429;Pimpinella saxifraga;bockrot;Art;54546;Jordbrukslandskap (J) - Stor betydelse, Urban miljö (U) - Har betydelse;LC;
1253;110434;Pleurospermum austriacum;piploka;Art;1189;Jordbrukslandskap (J) - Stor betydelse, Skog (S) - Stor betydelse, Urban miljö (U) - Har betydelse;VU;B1ab(iii,v)+2ab(iii,v)
219711;110440;Sanicula europaea;sårläka;Art;11741;Skog (S) - Stor betydelse;LC;
1451;110444;Scandix pecten-veneris;nålkörvel;Art;1298;Jordbrukslandskap (J) - Stor betydelse, Urban miljö (U) - Har betydelse;EN;B2ab(ii,iii,iv,v)
223558;110446;Scandix pecten-veneris subsp. pecten-veneris;äkta nålkörvel;Underart;136;Jordbrukslandskap (J) - Stor betydelse, Urban miljö (U) - Har betydelse;NE;
1492;110458;Silaum silaus;ängssilja;Art;289;Jordbrukslandskap (J) - Stor betydelse, Urban miljö (U) - Har betydelse;CR;"B1ab(v)+2ab(v); C2a(i,ii); D"
